Task,Occupation (O*NET-SOC Title),automation_desire,automation_capacity
"Maintain or update records of client account activity, including financial transactions, counseling session notes, correspondence, document images, or client inquiries.",Credit Counselors,2.6666666666666665,5.0
"Maintain records and compile statistical reports concerning personnel-related data such as hires, transfers, performance appraisals, and absenteeism rates.",Human Resources Managers,3.1,5.0
"Manipulate and enhance scanned or digital images to create desired effects, using computers and specialized software.",Photographers,2.3333333333333335,5.0
"Match order forms with invoices, and record the necessary information.","Bookkeeping, Accounting, and Auditing Clerks",2.857142857142857,5.0
Cancel orders based on customer requests or inventory or delivery problems.,Online Merchants,3.5,5.0
"Calculate revenue, sales, and expenses, using financial accounting or spreadsheet software.",Online Merchants,4.4,5.0
"Calculate purchase subtotals, taxes, and shipping costs for submission to customers.",Online Merchants,2.7,5.0
Oversee the daily performance of computer systems.,Computer User Support Specialists,2.75,5.0
"Book transportation and hotel reservations, using computer or telephone.",Travel Agents,2.2,5.0
"Perform data entry and data retrieval services, providing data for inclusion in medical records and for transmission to physicians.",Medical Transcriptionists,2.8333333333333335,5.0
"Perform financial calculations, such as amounts due, interest charges, balances, discounts, equity, and principal.","Bookkeeping, Accounting, and Auditing Clerks",3.4,5.0
"Plan, describe, arrange, and sell itinerary tour packages and promotional travel incentives offered by various travel carriers.",Travel Agents,2.3,5.0
"Prepare and balance period-end reports, and reconcile issued payrolls to bank statements.",Payroll and Timekeeping Clerks,2.0,5.0
Prepare and process payroll information.,"Bookkeeping, Accounting, and Auditing Clerks",3.5,5.0
"Prepare detailed workflow charts and diagrams that describe input, output, and logical operation, and convert them into a series of instructions coded in a computer language.",Computer Programmers,3.0,5.0
Process paperwork for new employees and enter employee information into the payroll system.,Payroll and Timekeeping Clerks,3.4285714285714284,5.0
"Produce medical reports, correspondence, records, patient-care information, statistics, medical research, and administrative material.",Medical Transcriptionists,3.125,5.0
"Provide clear, detailed descriptions of Web site specifications, such as product features, activities, software, communication protocols, programming languages, and operating systems software and hardware.",Web Developers,2.8,5.0
"Provide current and prospective employees with information about policies, job duties, working conditions, wages, opportunities for promotion, and employee benefits.",Human Resources Managers,3.1,5.0
"Receive and process payments from customers, using electronic transaction services.",Online Merchants,2.4,5.0
Reconcile or note and report discrepancies found in records.,"Bookkeeping, Accounting, and Auditing Clerks",2.8,5.0
Code documents according to company procedures.,"Bookkeeping, Accounting, and Auditing Clerks",3.0,5.0
Maintain computerized inventories of available passenger space and provide information on space reserved or available.,Reservation and Transportation Ticket Agents and Travel Clerks,3.7142857142857144,5.0
"Record names, addresses, purchases, and reactions of prospects contacted.",Telemarketers,3.25,5.0
"Collect and analyze Web metrics, such as visits, time on site, page views per visit, transaction volume and revenue, traffic mix, click-through rates, conversion rates, cost per acquisition, or cost per click.",Search Marketing Strategists,3.6666666666666665,5.0
"Compute cost of travel and accommodations, using calculator, computer, carrier tariff books, and hotel rate books, or quote package tour's costs.",Travel Agents,2.888888888888889,5.0
"Compute wages and deductions, and enter data into computers.",Payroll and Timekeeping Clerks,3.4285714285714284,5.0
"Conduct software compatibility tests with programs, hardware, operating systems, or network environments.",Software Quality Assurance Analysts and Testers,3.25,5.0
"Complete expense reports, sales reports, or other paperwork.","Sales Representatives, Wholesale and Manufacturing, Technical and Scientific Products",4.111111111111111,5.0
"Configure, monitor, and maintain email applications or virus protection software.",Network and Computer Systems Administrators,3.875,5.0
Contact job applicants to inform them of the status of their applications.,Human Resources Specialists,2.5,5.0
"Correct or record omissions, errors, or inconsistencies found.",Proofreaders and Copy Markers,2.1666666666666665,5.0
Create or maintain databases of known test defects.,Software Quality Assurance Analysts and Testers,3.25,5.0
"Create, manage, or automate orders or invoices, using order management or invoicing software.",Online Merchants,3.1,5.0
"Debit, credit, and total accounts on computer spreadsheets and databases, using specialized accounting software.","Bookkeeping, Accounting, and Auditing Clerks",2.75,5.0
Deliver e-mail confirmation of completed transactions and shipment.,Online Merchants,4.1,5.0
"Develop and maintain computerized record management systems to store and process data, such as personnel activities and information, and to produce reports.",Medical and Health Services Managers,3.4,5.0
"Direct the tracking of defects, test results, or other regularly reported quality control data.",Quality Control Systems Managers,4.5,5.0
Document test procedures to ensure replicability and compliance with standards.,Software Quality Assurance Analysts and Testers,3.4,5.0
"Document testing procedures, methodologies, or criteria.",Quality Control Systems Managers,2.8333333333333335,5.0
"Enhance, retouch, and resize photographs and negatives, using airbrushing and other techniques.",Photographers,2.7,5.0
"Inform customers of estimated delivery schedules, service contracts, warranties, or other information pertaining to purchased products.","Sales Representatives, Wholesale and Manufacturing, Technical and Scientific Products",2.7,5.0
Collect payment for transportation and accommodations from customer.,Travel Agents,3.1,5.0
"Investigate whether networks, workstations, the central processing unit of the system, or peripheral equipment are responding to a program's instructions.",Computer Programmers,3.4,5.0
"Record and maintain information on clients, vendors, and travel packages.",Travel Agents,3.3,5.0
Complete time sheets showing employees' arrival and departure times.,Payroll and Timekeeping Clerks,3.3333333333333335,5.0
"Track and analyze factors that affect price movement, such as trade policies, weather conditions, political developments, or supply and demand changes.","Securities, Commodities, and Financial Services Sales Agents",3.0,5.0
Analyze quality control test results and provide feedback and interpretation to production management or staff.,Quality Control Systems Managers,2.5,5.0
Review dockets of pending litigation to ensure adequate progress.,Judicial Law Clerks,3.3333333333333335,5.0
"Review and edit transcribed reports or dictated material for spelling, grammar, clarity, consistency, and proper medical terminology.",Medical Transcriptionists,3.142857142857143,5.0
Review insurance policy terms to determine whether a particular loss is covered by insurance.,Customer Service Representatives,2.857142857142857,5.0
"Review time sheets, work charts, wage computation, and other information to detect and reconcile payroll discrepancies.",Payroll and Timekeeping Clerks,3.142857142857143,5.0
"Route proofs with marked corrections to authors, editors, typists, or typesetters for correction or reprinting.",Proofreaders and Copy Markers,2.3333333333333335,5.0
"Set up and maintain medical files and databases, including records such as x-ray, lab, and procedure reports, medical histories, diagnostic workups, admission and discharge summaries, and clinical resumes.",Medical Transcriptionists,3.2857142857142856,5.0
"Transcribe dictation for a variety of medical reports, such as patient histories, physical examinations, emergency room visits, operations, chart reviews, consultation, or discharge summaries.",Medical Transcriptionists,3.6,5.0
Translate medical jargon and abbreviations into their expanded forms to ensure the accuracy of patient and health care facility records.,Medical Transcriptionists,3.142857142857143,5.0
Review collection reports to determine the status of collections and the amounts of outstanding balances.,Financial Managers,3.25,5.0
Verify customer credit ratings.,"Sales Representatives, Wholesale and Manufacturing, Technical and Scientific Products",2.7777777777777777,5.0
Administer online purchasing systems.,Purchasing Managers,2.5,5.0
Write photograph captions.,Photographers,3.125,5.0
"Return dictated reports in printed or electronic form for physician's review, signature, and corrections and for inclusion in patients' medical records.",Medical Transcriptionists,3.0,5.0
"Respond to user email inquiries, or set up automated systems to send responses.",Web Developers,3.3,5.0
"Maintain records of daily data communication transactions, problems and remedial actions taken, or installation activities.",Computer User Support Specialists,4.5,4.666666666666667
Write supporting code for Web applications or Web sites.,Web Developers,2.9,4.666666666666667
"Perform Web site tests according to planned schedules, or after any Web site or product revision.",Web Developers,3.3,4.666666666666667
"Compute, withhold, and account for all payroll deductions.",Treasurers and Controllers,3.0,4.666666666666667
"Keep records of customer interactions or transactions, recording details of inquiries, complaints, or comments, as well as actions taken.",Customer Service Representatives,2.7,4.666666666666667
Configure security settings or access permissions for groups or individuals.,Computer Network Support Specialists,2.3333333333333335,4.666666666666667
"Compile and write documentation of program development and subsequent revisions, inserting comments in the coded instructions so others can understand the program.",Computer Programmers,3.625,4.666666666666667
Schedule appointments with clients.,Tax Preparers,5.0,4.666666666666667
"Implement updates, upgrades, and patches in a timely manner to limit loss of service.",Web Administrators,3.6,4.666666666666667
Enter commands and observe system functioning to verify correct operations and detect errors.,Computer User Support Specialists,2.2857142857142856,4.666666666666667
Back up files from Web sites to local directories for instant recovery in case of problems.,Web Developers,4.2,4.666666666666667
"Record employee information, such as exemptions, transfers, and resignations, to maintain and update payroll records.",Payroll and Timekeeping Clerks,4.0,4.666666666666667
"Perform routine network startup and shutdown procedures, and maintain control records.",Network and Computer Systems Administrators,4.166666666666667,4.666666666666667
Prepare meeting agendas or packets of related information.,"Court, Municipal, and License Clerks",2.0,4.666666666666667
"Analyze network data to determine network usage, disk space availability, or server function.",Computer Network Support Specialists,3.3333333333333335,4.666666666666667
"Compose descriptions of merchandise for posting to online storefront, auction sites, or other shopping Web sites.",Online Merchants,3.6,4.666666666666667
"Respond to customer complaints, taking action as necessary.",Librarians and Media Collections Specialists,3.75,4.5
Review all securities transactions to ensure accuracy of information and conformance to governing agency regulations.,"Securities, Commodities, and Financial Services Sales Agents",2.5,4.5
"Install or configure Web server software or hardware to ensure that directory structure is well-defined, logical, and secure, and that files are named properly.",Web Administrators,4.0,4.5
Set up or maintain monitoring tools on Web servers or Web sites.,Web Administrators,4.0,4.5
"Prepare project status reports by collecting, analyzing, and summarizing information and trends.",Information Technology Project Managers,3.0,4.5
"Generate financial ratios, using computer programs, to evaluate customers' financial status.",Credit Analysts,3.4,4.5
"Estimate or measure light levels, distances, and numbers of exposures needed, using measuring devices and formulas.",Photographers,2.5555555555555554,4.5
Enter logistics-related data into databases.,Logistics Analysts,2.8,4.5
Present information to customers about the energy efficiency or environmental impact of scientific or technical products.,"Sales Representatives, Wholesale and Manufacturing, Technical and Scientific Products",3.1,4.5
Submit applications to credit analysts for verification and recommendation.,Loan Officers,3.5,4.5
"Test issues such as system integration, performance, and system security on a regular schedule or after any major program modifications.",Web Administrators,3.75,4.5
"Print or request transportation carrier tickets, using computer printer system or system link to travel carrier.",Travel Agents,4.0,4.5
Document network support activities.,Computer Network Support Specialists,3.5,4.5
"Track, compile, and analyze Web site usage data.",Web Administrators,3.5,4.5
Process and issue employee paychecks and statements of earnings and deductions.,Payroll and Timekeeping Clerks,3.8333333333333335,4.5
"Determine charges for services requested, collect deposits or payments, or arrange for billing.",Customer Service Representatives,3.3,4.5
"Produce drawings, using computer-assisted drafting systems (CAD) or drafting machines, or by hand, using compasses, dividers, protractors, triangles, and other drafting devices.",Architectural and Civil Drafters,2.9,4.5
Record and edit the minutes of meetings and distribute to appropriate officials or staff members.,"Court, Municipal, and License Clerks",2.5,4.5
Instruct parties about timing of court appearances.,"Court, Municipal, and License Clerks",4.333333333333333,4.5
"Use all appropriate adjustments, deductions, and credits to keep clients' taxes to a minimum.",Tax Preparers,3.375,4.5
Create or maintain plans or other documents related to sustainability projects.,Sustainability Specialists,3.1666666666666665,4.5
Vary language and tone of messages based on product and medium.,Writers and Authors,2.6,4.5
"Promote products in online communities through weblog or discussion-forum postings, e-mail marketing programs, or online advertising.",Online Merchants,3.0,4.5
"Convert various types of files for printing or for the Internet, using computer software.",Desktop Publishers,4.5,4.5
"Write and code logical and physical database descriptions and specify identifiers of database to management system, or direct others in coding descriptions.",Database Administrators,1.6666666666666667,4.5
Contact customers to respond to inquiries or to notify them of claim investigation results or any planned adjustments.,Customer Service Representatives,2.8,4.5
Consult tax law handbooks or bulletins to determine procedures for preparation of atypical returns.,Tax Preparers,3.8,4.5
Review accounts for discrepancies and reconcile differences.,Accountants and Auditors,2.125,4.5
"Provide customer with brochures and publications containing travel information, such as local customs, points of interest, or foreign country regulations.",Travel Agents,3.5,4.5
Write and send letters of thanks to donors.,Fundraisers,3.5,4.5
"Write articles, bulletins, sales letters, speeches, and other related informative, marketing and promotional material.",Writers and Authors,2.125,4.5
"Read manuals, periodicals, and technical reports to learn how to develop programs that meet staff and user requirements.",Computer Systems Analysts,2.7,4.5
Update automated test scripts to ensure currency.,Software Quality Assurance Analysts and Testers,3.6666666666666665,4.5
"Review balance sheets, operating income and expense accounts, and loan documentation to confirm institution assets and liabilities.",Financial Examiners,3.125,4.5
Prepare or assist in preparing simple to complex tax returns for individuals or small businesses.,Tax Preparers,3.8,4.5
Prepare and submit sales contracts for orders.,"Sales Representatives, Wholesale and Manufacturing, Technical and Scientific Products",3.5555555555555554,4.5
Monitor and analyze sales promotion results to determine cost effectiveness of promotion campaigns.,Advertising and Promotions Managers,3.6666666666666665,4.5
"Review published materials and recommend revisions or changes in scope, format, content, and methods of reproduction and binding.",Technical Writers,2.3333333333333335,4.5
"Obtain and compile copies of loan applicants' credit histories, corporate financial statements, and other financial information.",Loan Officers,3.7142857142857144,4.5
"Obtain customer information such as name, address, and payment method, and enter orders into computers.",Telemarketers,3.4,4.5
"Review or update Web page content or links in a timely manner, using appropriate tools.",Web Administrators,3.2857142857142856,4.5
"Open, read, route, and distribute incoming mail or other materials and answer routine letters.","Secretaries and Administrative Assistants, Except Legal, Medical, and Executive",2.4444444444444446,4.5
"Operate computers programmed with accounting software to record, store, and analyze information.","Bookkeeping, Accounting, and Auditing Clerks",2.7,4.5
Issue and record adjustments to pay related to previous errors or retroactive increases.,Payroll and Timekeeping Clerks,4.6,4.5
"Operate desktop publishing software and equipment to design, lay out, and produce camera-ready copy.",Desktop Publishers,2.6666666666666665,4.5
Operate master consoles to monitor the performance of computer systems and networks and to coordinate computer network access and use.,Network and Computer Systems Administrators,3.5,4.5
Order drugs or devices necessary for study completion.,Clinical Research Coordinators,3.3,4.5
"Review financial records, such as income statements and documentation of expenditures to determine forms needed to prepare tax returns.",Tax Preparers,3.625,4.5
"Review and verify data, such as age, name, address, and principal sum and value of property, on insurance applications and policies.",Insurance Claims and Policy Processing Clerks,3.1818181818181817,4.5
Perform computations and apply methods of numerical analysis to data.,Mathematicians,4.0,4.5
Modify existing databases and database management systems or direct programmers and analysts to make changes.,Database Administrators,2.1666666666666665,4.5
Review reports of securities transactions or price lists to analyze market conditions.,Financial Managers,3.0,4.5
"Review software documentation to ensure technical accuracy, compliance, or completeness, or to mitigate risks.",Software Quality Assurance Analysts and Testers,2.3333333333333335,4.5
"Manage client portfolios, keeping client plans up-to-date.",Personal Financial Advisors,2.8,4.5
"Record production data, including volume produced, consumption of raw materials, or quality control measures.","Production, Planning, and Expediting Clerks",3.25,4.5
Maintain records of goods ordered and received.,Purchasing Managers,2.8,4.5
Prepare correspondence to inform concerned parties of licensing decisions or appeals processes.,Compliance Officers,4.25,4.5
"Review and analyze computer printouts and performance indicators to locate code problems, and correct errors by correcting codes.",Computer Systems Analysts,3.2222222222222223,4.5
Prepare documents recording the outcomes of court proceedings.,"Court, Municipal, and License Clerks",2.5,4.5
"Maintain library of model documents, templates, or other reusable knowledge assets.",Business Intelligence Analysts,3.6666666666666665,4.5
Maintain databases of logistics information.,Logistics Analysts,2.875,4.5
"Maintain customer records, using automated systems.","Sales Representatives, Wholesale and Manufacturing, Technical and Scientific Products",3.5555555555555554,4.5
"Schedule and confirm appointments for clients, customers, or supervisors.","Secretaries and Administrative Assistants, Except Legal, Medical, and Executive",2.4444444444444446,4.5
"Keep track of leave time, such as vacation, personal, and sick leave, for employees.",Payroll and Timekeeping Clerks,3.6,4.5
Schedule and make appointments.,Legal Secretaries and Administrative Assistants,3.6,4.5
Prepare financial reports to monitor client or corporate finances.,"Securities, Commodities, and Financial Services Sales Agents",3.6,4.5
Issue public notification of all official activities or meetings.,"Court, Municipal, and License Clerks",2.5,4.5
"Maintain required records of study activity including case report forms, drug dispensation records, or regulatory forms.",Clinical Research Coordinators,3.3,4.5
Access computerized financial information to answer general questions as well as those related to specific accounts.,"Bookkeeping, Accounting, and Auditing Clerks",2.625,4.5
"Write, update, and maintain computer programs or software packages to handle specific jobs such as tracking inventory, storing or retrieving data, or controlling other equipment.",Computer Programmers,3.111111111111111,4.5
"Answer customers' questions about products, prices, availability, or credit terms.","Sales Representatives, Wholesale and Manufacturing, Technical and Scientific Products",2.1,4.5
Back up or modify applications and related data to provide for disaster recovery.,Web Administrators,4.2,4.5
Assist in setting up or optimizing analytics tools for tracking visitors' behaviors.,Search Marketing Strategists,3.5,4.5
"Calculate and prepare checks for utilities, taxes, and other payments.","Bookkeeping, Accounting, and Auditing Clerks",4.0,4.5
Calculate form preparation fees according to return complexity and processing time required.,Tax Preparers,3.3333333333333335,4.5
"Compile employee time, production, and payroll data from time sheets and other records.",Payroll and Timekeeping Clerks,3.2,4.5
"Archive documents, conduct research, and read copy, using the internet and various computer programs.",Proofreaders and Copy Markers,2.6,4.5
Check dimensions of materials to be used and assign numbers to lists of materials.,Architectural and Civil Drafters,3.2,4.5
"Approve loans within specified limits, and refer loan applications outside those limits to management for approval.",Loan Officers,2.888888888888889,4.5
Check to ensure that appropriate changes were made to resolve customers' problems.,Customer Service Representatives,2.2,4.5
"Adjust temperature, pressure, vacuum, level, flow rate, or transfer of biofuels to maintain processes at required levels.",Biofuels Production Managers,3.6666666666666665,4.5
Answer user inquiries regarding computer software or hardware operation to resolve problems.,Computer User Support Specialists,2.8,4.5
Adjust sales scripts to better target the needs and interests of specific individuals.,Telemarketers,3.0,4.5
Back up network data.,Computer Network Support Specialists,2.8333333333333335,4.5
Compare disputed merchandise with original requisitions and information from invoices and prepare invoices for returned goods.,Customer Service Representatives,3.2,4.5
"Complete loan applications, including credit analyses and summaries of loan requests, and submit to loan committees for approval.",Credit Analysts,3.0,4.5
Complete sales order tickets and submit for processing of client-requested transactions.,"Securities, Commodities, and Financial Services Sales Agents",2.2,4.5
Review quality documentation necessary for regulatory submissions and inspections.,Quality Control Systems Managers,3.25,4.333333333333333
Monitor performance of quality control systems to ensure effectiveness and efficiency.,Quality Control Systems Managers,3.125,4.333333333333333
"Review written, audio, or video copy, and correct errors in content, grammar, or punctuation, following prescribed editorial style and formatting guidelines.","News Analysts, Reporters, and Journalists",2.8,4.333333333333333
Select transportation routes to maximize economy by combining shipments or consolidating warehousing and distribution.,Supply Chain Managers,4.0,4.333333333333333
Create or update donor databases.,Fundraisers,3.6666666666666665,4.333333333333333
Establish appropriate server directory trees.,Web Developers,3.3,4.333333333333333
"Prepare applications and forms for applicants for such purposes as school enrollment, employment, and medical services.","Eligibility Interviewers, Government Programs",3.5,4.333333333333333
"Analyze business operations, trends, costs, revenues, financial commitments, and obligations to project future revenues and expenses or to provide advice.",Accountants and Auditors,2.0,4.333333333333333
Write technical reports for engineering and management personnel.,Petroleum Engineers,3.6,4.333333333333333
Review purchase order claims and contracts for conformance to company policy.,Purchasing Managers,3.7,4.333333333333333
Optimize Web site exposure by analyzing search engine patterns to direct online placement of keywords or other content.,Search Marketing Strategists,3.4285714285714284,4.333333333333333
"Review work done by others to check for correct spelling and grammar, ensure that company format policies are followed, and recommend revisions.","Secretaries and Administrative Assistants, Except Legal, Medical, and Executive",2.142857142857143,4.333333333333333
"Calculate, prepare, and issue bills, invoices, account statements, and other financial statements according to established procedures.","Bookkeeping, Accounting, and Auditing Clerks",3.0,4.333333333333333
Combine secondary data sources with keyword research to more accurately profile and satisfy user intent.,Search Marketing Strategists,3.2857142857142856,4.333333333333333
"Conduct market research analysis to identify search query trends, real-time search and news media activity, popular social media topics, electronic commerce trends, market opportunities, or competitor performance.",Search Marketing Strategists,3.6,4.333333333333333
Analyze developments in specific field to determine need for revisions in previously published materials and development of new material.,Technical Writers,2.25,4.333333333333333
"Verify facts, dates, and statistics, using standard reference sources.",Editors,2.4,4.333333333333333
"Improve search-related activities through ongoing analysis, experimentation, or optimization tests, using A/B or multivariate methods.",Search Marketing Strategists,4.142857142857143,4.333333333333333
"Monitor or track sustainability indicators, such as energy usage, natural resource usage, waste generation, and recycling.",Sustainability Specialists,3.0,4.333333333333333
Identify appropriate Key Performance Indicators (KPIs) and report key metrics from digital campaigns.,Search Marketing Strategists,3.2,4.333333333333333
Create or maintain database of customer accounts.,Online Merchants,4.5,4.333333333333333
Gather and organize information on problems or procedures.,Management Analysts,3.25,4.333333333333333
Monitor progress of fundraising drives.,Fundraisers,4.0,4.0
"Monitor shipments to ensure that goods come in on time, and resolve problems related to undelivered goods.","Purchasing Agents, Except Wholesale, Retail, and Farm Products",2.7,4.0
"Monitor financial activities and details, such as cash flow and reserve levels, to ensure that all legal and regulatory requirements are met.",Treasurers and Controllers,3.0,4.0
Monitor suppliers' activities to assess performance in meeting quality or delivery requirements.,Supply Chain Managers,2.6666666666666665,4.0
Calculate costs for billings or commissions.,"Securities, Commodities, and Financial Services Sales Agents",3.4285714285714284,4.0
"Obtain and examine all relevant information to assess validity of complaints and to determine possible causes, such as extreme weather conditions that could increase utility bills.",Customer Service Representatives,3.3,4.0
"Upload digital media, such as photos, video, or scanned images to online storefront, auction sites, or other shopping Web sites.",Online Merchants,2.6,4.0
"Obtain computer printout of policy cancellations, or retrieve cancellation cards from file.",Insurance Claims and Policy Processing Clerks,3.0,4.0
Study sales records and inventory levels of current stock to develop strategic purchasing programs that facilitate employee access to supplies.,"Purchasing Agents, Except Wholesale, Retail, and Farm Products",3.0,4.0
"Evaluate applications, records, or documents to gather information about eligibility or liability issues.",Compliance Officers,3.5,4.0
Study layout or other design instructions to determine work to be done and sequence of operations.,Desktop Publishers,3.4,4.0
"Optimize digital assets, such as text, graphics, or multimedia assets, for search engine optimization (SEO) or for display and usability on internet-connected devices.",Search Marketing Strategists,3.5,4.0
Optimize shopping cart experience or Web site conversion rates against Key Performance Indicators (KPIs).,Search Marketing Strategists,4.0,4.0
"Organize or work with detailed office or warehouse records, using computers to enter, access, search or retrieve data.",Insurance Claims and Policy Processing Clerks,3.5,4.0
Participate in the development or implementation of online marketing strategy.,Search Marketing Strategists,3.0,4.0
"Compare data with source documents, or re-enter data in verification format to detect errors.",Data Entry Keyers,3.5,4.0
"Study Constitution, statutes, decisions, regulations, and ordinances of quasi-judicial bodies to determine ramifications for cases.",Lawyers,3.1666666666666665,4.0
Monitor bug resolution efforts and track successes.,Software Quality Assurance Analysts and Testers,4.0,4.0
Make travel arrangements for attorneys.,Legal Secretaries and Administrative Assistants,3.9,4.0
"Monitor budgets, expense reports, or other financial data for fundraising organizations.",Fundraisers,3.5714285714285716,4.0
"Evaluate code to ensure that it is valid, is properly structured, meets industry standards, and is compatible with browsers, devices, or operating systems.",Web Developers,3.0,4.0
"Explain products or services and prices, and answer questions from customers.",Telemarketers,2.625,4.0
Analyze and interpret statistical data to identify significant differences in relationships among sources of information.,Statisticians,3.25,4.0
"Transfer photographs to computers for editing, archiving, and electronic transmission.",Photographers,3.7,4.0
"Identify relationships and trends in data, as well as any factors that could affect the results of research.",Statisticians,3.7142857142857144,4.0
"Import text and art elements, such as electronic clip art or electronic files from photographs that have been scanned or produced with a digital camera, using computer software.",Desktop Publishers,2.875,4.0
"Inform other traders, managers, or customers of market conditions, including volume, price, competition, or dynamics.","Securities, Commodities, and Financial Services Sales Agents",3.75,4.0
"Inspect layouts and advertising copy, and edit scripts, audio, video, and other promotional material for adherence to specifications.",Advertising and Promotions Managers,3.7,4.0
"Interpret test results, compare them to established specifications and control limits, and make recommendations on appropriateness of data for release.",Quality Control Analysts,3.5714285714285716,4.0
Collect historical cost data to estimate costs for current or future products.,Cost Estimators,1.8571428571428572,4.0
Keep accurate records of transactions.,"Securities, Commodities, and Financial Services Sales Agents",3.0,4.0
"Examine, evaluate, or process loan applications.",Financial Managers,2.8,4.0
Keep informed about changes in tax and deduction laws that apply to the payroll process.,Payroll and Timekeeping Clerks,4.0,4.0
"Keep records of assigned cases, and prepare required reports.","Eligibility Interviewers, Government Programs",3.1666666666666665,4.0
Collect and analyze relevant data to identify real estate market trends.,Appraisers and Assessors of Real Estate,2.9,4.0
"Keep up with developments in area of expertise by reading current journals, books, or magazine articles.",Training and Development Specialists,3.6,4.0
Key information into computer equipment to create layouts for client or supervisor.,Graphic Designers,1.6666666666666667,4.0
"Locate and correct data entry errors, or report them to supervisors.",Data Entry Keyers,3.25,4.0
"Maintain archive of images, photos, or previous work products.",Graphic Designers,2.4,4.0
"Perform descriptive and multivariate statistical analyses of data, using computer software.",Social Science Research Assistants,4.0,4.0
"Examine letters from policyholders or agents, original insurance applications, and other company documents to determine if changes are needed and effects of changes.",Insurance Claims and Policy Processing Clerks,3.0,4.0
Maintain logistics records in accordance with corporate policies.,Logistics Analysts,2.8,4.0
"Code, evaluate, or interpret collected study data.",Clinical Research Coordinators,2.8,4.0
"Classify, record, and summarize numerical and financial data to compile and keep financial records, using journals and ledgers or computers.","Bookkeeping, Accounting, and Auditing Clerks",3.0,4.0
Evaluate project plans and proposals to assess feasibility issues.,Computer and Information Research Scientists,4.1,4.0
"Maintain student attendance records, grades, and other required records.","Business Teachers, Postsecondary",3.6666666666666665,4.0
Evaluate data pertaining to costs to plan budgets.,Financial Managers,2.6666666666666665,4.0
"Check figures, postings, and documents for correct entry, mathematical accuracy, and proper codes.","Bookkeeping, Accounting, and Auditing Clerks",3.3,4.0
"Maintain awareness of advances in medicine, computerized diagnostic and treatment equipment, data processing technology, government regulations, health insurance changes, and financing options.",Medical and Health Services Managers,2.3,4.0
"Analyze clinical or survey data, using statistical approaches such as longitudinal analysis, mixed-effect modeling, logistic regression analyses, and model-building techniques.",Biostatisticians,2.625,4.0
"Perform general office duties, such as scheduling appointments, keeping books, and ordering supplies.",Photographers,3.3,4.0
"Research, test, or verify proper functioning of software patches and fixes.",Computer Systems Engineers/Architects,3.5714285714285716,4.0
"Recommend improvements in products, packaging, shipping, service, or billing methods and procedures to prevent future problems.",Customer Service Representatives,2.4,4.0
"Review workflow charts developed by programmer analyst to understand tasks computer will perform, such as updating records.",Database Administrators,2.5714285714285716,4.0
Reconcile records of bank transactions.,"Bookkeeping, Accounting, and Auditing Clerks",3.75,4.0
"Answer inquiries regarding information, such as schedules, accommodations, procedures, or policies.",Reservation and Transportation Ticket Agents and Travel Clerks,2.6,4.0
Record and maintain all vital and fiscal records and accounts.,"Court, Municipal, and License Clerks",3.2,4.0
"Record case dispositions, court orders, or arrangements made for payment of court fees.","Court, Municipal, and License Clerks",3.4,4.0
"Record details of calls, dispatches, and messages.",Public Safety Telecommunicators,4.0,4.0
"Analyze the probable outcomes of cases, using knowledge of legal precedents.",Lawyers,3.0,4.0
"Analyze the financial details of past, present, and expected operations to identify development opportunities and areas where improvement is needed.",Treasurers and Controllers,2.5,4.0
Register protocol patients with appropriate statistical centers as required.,Clinical Research Coordinators,4.0,4.0
"Report results of statistical analyses, including information in the form of graphs, charts, and tables.",Statisticians,4.5,4.0
Analyze employment-related data and prepare required reports.,Human Resources Specialists,3.1,4.0
"Research laws, court decisions, documents, opinions, briefs, or other information related to cases before the court.",Judicial Law Clerks,3.0,4.0
"Research or review regulatory, technical, or market issues related to sustainability.",Sustainability Specialists,2.8333333333333335,4.0
"Resolve customers' service or billing complaints by performing activities such as exchanging merchandise, refunding money, or adjusting bills.",Customer Service Representatives,2.7,4.0
Stay abreast of new types of loans and other financial services and products to better meet customers' needs.,Loan Officers,2.5,4.0
"Analyze survey reports, maps, drawings, blueprints, aerial photography, or other topographical or geologic data.",Civil Engineers,2.5714285714285716,4.0
"Review advertising trends, consumer surveys, and other data regarding marketing of goods and services to determine the best way to promote products.",Writers and Authors,3.0,4.0
Analyze equipment performance records to determine the need for repair or replacement.,Network and Computer Systems Administrators,3.6666666666666665,4.0
"Analyze price proposals, financial reports, and other data and information to determine reasonable prices.","Purchasing Agents, Except Wholesale, Retail, and Farm Products",3.125,4.0
Analyze monthly department budgeting and accounting reports to maintain expenditure controls.,Budget Analysts,3.375,4.0
"Review and evaluate applicant qualifications or eligibility for specified licensing, according to established guidelines and designated licensing codes.",Human Resources Specialists,3.0,4.0
"Review and evaluate materials, using book reviews, catalogs, faculty recommendations, and current holdings to select and order print, audio-visual, and electronic resources.",Librarians and Media Collections Specialists,2.625,4.0
Review and update standard operating procedures or quality assurance manuals.,Quality Control Systems Managers,3.4285714285714284,4.0
Analyze market and delivery systems to assess present and future material availability.,Purchasing Managers,2.9,4.0
Review clinical or other medical research protocols and recommend appropriate statistical analyses.,Biostatisticians,2.6666666666666665,4.0
"Analyze inventories to determine how to increase inventory turns, reduce waste, or optimize customer service.",Supply Chain Managers,3.8333333333333335,4.0
Analyze information about supplier performance or procurement program success.,Supply Chain Managers,2.75,4.0
"Review project instructions and blueprints to ascertain test specifications, procedures, and objectives, and test nature of technical problems such as redesign.",Mechanical Engineering Technologists and Technicians,2.75,4.0
"Review logs, datasheets, or reports to ensure adequate production levels or to identify abnormalities with biofuels production equipment or processes.",Biofuels Production Managers,2.6,4.0
Recommend and implement performance improvements.,Web Developers,3.1,4.0
"Review, evaluate, and approve specifications for issuing and awarding bids.",Purchasing Managers,3.6,4.0
Read corrected copies or proofs to ensure that all corrections have been made.,Proofreaders and Copy Markers,2.857142857142857,4.0
Read and effectively interpret small-scale maps and information from a computer screen to determine locations and provide directions.,Public Safety Telecommunicators,4.0,4.0
Specify users and user access levels for each segment of database.,Database Administrators,2.5,4.0
Plan test schedules or strategies in accordance with project scope or delivery dates.,Software Quality Assurance Analysts and Testers,3.0,4.0
Prepare adjusting journal entries.,Accountants and Auditors,2.7,4.0
"Set up and manage paper or electronic filing systems, recording information, updating paperwork, or maintaining documents, such as attendance records, correspondence, or other material.","Secretaries and Administrative Assistants, Except Legal, Medical, and Executive",3.0,4.0
Prepare and distribute invoices to bill clients or pay account expenses.,Legal Secretaries and Administrative Assistants,3.3,4.0
"Prepare and issue orders of the court, such as probation orders, release documentation, sentencing information, or summonses.","Court, Municipal, and License Clerks",3.5,4.0
"Edit graphics and photos, using pixel or bitmap editing, airbrushing, masking, or image retouching.",Desktop Publishers,2.857142857142857,4.0
Prepare bid awards requiring board approval.,Purchasing Managers,3.2857142857142856,4.0
Prepare budgets and submit estimates for program costs as part of campaign plan development.,Advertising and Promotions Managers,2.9,4.0
Prepare cost and expenditure statements and other necessary documentation at regular intervals for the duration of the project.,Cost Estimators,2.857142857142857,4.0
Prepare energy-related project reports or related documentation.,"Energy Engineers, Except Wind and Solar",3.0,4.0
"Prepare financial or regulatory reports required by laws, regulations, or boards of directors.",Financial Managers,2.5714285714285716,4.0
"Prepare insurance claim forms or related documents, and review them for completeness.",Insurance Claims and Policy Processing Clerks,3.1,4.0
Prepare operational or risk reports for management analysis.,Financial Managers,3.0,4.0
Select number of colors and determine color separations.,Desktop Publishers,3.6666666666666665,4.0
"Prepare or maintain employment records related to events, such as hiring, termination, leaves, transfers, or promotions, using human resources management system software.",Human Resources Specialists,2.8,4.0
"Search standard reference materials, including online sources and the Internet, to answer patrons' reference questions.",Librarians and Media Collections Specialists,2.3333333333333335,4.0
"Prepare scale drawings or architectural designs, using computer-aided design or other tools.","Architects, Except Landscape and Naval",2.2,4.0
Prepare two-dimensional concept layouts or three-dimensional mock-ups.,Video Game Designers,3.75,4.0
"Schedule tests or procedures for patients, such as lab work or x-rays, based on physician orders.",Medical Secretaries and Administrative Assistants,3.3333333333333335,4.0
"Schedule classes based on availability of classrooms, equipment, or instructors.",Training and Development Specialists,4.0,4.0
"Process large amounts of data for statistical modeling and graphic analysis, using computers.",Statisticians,3.8,4.0
"Approve proposals for the acquisition, replacement, or repair of biofuels processing equipment or the implementation of new production processes.",Biofuels Production Managers,4.0,4.0
Produce written summary reports of financial research results.,Financial Quantitative Analysts,3.4,4.0
Schedule appointments for sales representatives to meet with prospective customers or for customers to attend sales presentations.,Telemarketers,3.0,4.0
Provide consultation to nurses regarding hardware or software configuration.,Health Informatics Specialists,2.0,4.0
"Provide customers with travel suggestions and information sources, such as guides, directories, brochures, or maps.",Reservation and Transportation Ticket Agents and Travel Clerks,2.25,4.0
Analyze data gathered and develop solutions or alternative methods of proceeding.,Management Analysts,2.8333333333333335,4.0
"Question applicants to obtain required information, such as name, address, or age, and record data on prescribed forms.","Court, Municipal, and License Clerks",3.0,4.0
"Compare information from application to criteria for policy reinstatement, and approve reinstatement when criteria are met.",Insurance Claims and Policy Processing Clerks,3.0,4.0
"Test programs or databases, correct errors, and make necessary modifications.",Database Administrators,3.25,4.0
Design and create special programs for tasks such as statistical analysis and data entry and cleaning.,Social Science Research Assistants,3.7142857142857144,4.0
"Compile and record medical charts, reports, or correspondence, using typewriter or personal computer.",Medical Secretaries and Administrative Assistants,2.5,4.0
"Document physical supply chain processes, such as workflows, cycle times, position responsibilities, or system flows.",Supply Chain Managers,3.5,4.0
Create content strategies for digital media.,Search Marketing Strategists,3.2,4.0
"Correct testing-identified problems, or recommend actions for their resolution.",Web Administrators,3.2857142857142856,4.0
"Document findings of study and prepare recommendations for implementation of new systems, procedures, or organizational changes.",Management Analysts,2.8,4.0
"Compute reporting metrics, such as on-time delivery rates, order fulfillment rates, or inventory turns.",Logistics Analysts,2.25,4.0
Write or contribute to instructions or manuals to guide end users.,Computer Programmers,2.8,4.0
"Verify the accuracy and validity of data entered in databases, correcting any errors.",Social Science Research Assistants,4.0,4.0
"Conduct cost, material, and efficiency studies for biofuels production plants or operations.",Biofuels Production Managers,3.6666666666666665,4.0
"Distinguish between homonyms and recognize inconsistencies and mistakes in medical terms, referring to dictionaries, drug references, and other sources on anatomy, physiology, and medicine.",Medical Transcriptionists,3.2,4.0
Conduct internet-based and library research.,Social Science Research Assistants,3.3333333333333335,4.0
Determine and set product prices.,Online Merchants,2.3,4.0
"Verify attendance, hours worked, and pay adjustments, and post information onto designated records.",Payroll and Timekeeping Clerks,3.4444444444444446,4.0
Determine packaging requirements.,Logistics Analysts,2.3333333333333335,4.0
"Create and modify maps, graphs, or diagrams, using geographical information software and related equipment, and principles of cartography, such as coordinate systems, longitude, latitude, elevation, topography, and map scales.",Geographers,2.8,4.0
"Use object-oriented programming languages, as well as client and server applications development processes and multimedia and Internet technology.",Computer Systems Analysts,2.8,4.0
"Compile and prepare documentation related to production sequences, transportation, personnel schedules, or purchase, maintenance, or repair orders.","Production, Planning, and Expediting Clerks",3.3333333333333335,4.0
Develop Web sites.,Computer Programmers,2.6666666666666665,4.0
"Determine whether space is available on travel dates requested by customers, assigning requested spaces when available.",Reservation and Transportation Ticket Agents and Travel Clerks,2.7777777777777777,4.0
"Determine sources of Web page or server problems, and take action to correct such problems.",Web Administrators,3.1666666666666665,4.0
"Complete contract forms, prepare change of address records, or issue service discontinuance orders, using computers.",Customer Service Representatives,2.9,4.0
Contact customers or travel agents to advise them of travel conveyance changes or to confirm reservations.,Reservation and Transportation Ticket Agents and Travel Clerks,1.6666666666666667,4.0
"Develop, maintain, and troubleshoot information access aids, such as databases, annotated bibliographies, Web pages, electronic pathfinders, software programs, and online tutorials.",Librarians and Media Collections Specialists,3.25,4.0
"Compile, sort, and verify the accuracy of data before it is entered.",Data Entry Keyers,3.0,4.0
Write program code to analyze data with statistical analysis software.,Biostatisticians,2.6666666666666665,4.0
Contact potential vendors to determine material availability.,Logistics Analysts,1.5,4.0
Create novel computational approaches and analytical tools as required by research goals.,Bioinformatics Scientists,3.0,4.0
"Compile information, such as production rates and progress, materials inventories, materials used, or customer information, so that status reports can be completed.","Production, Planning, and Expediting Clerks",3.2857142857142856,4.0
"Compute taxes owed or overpaid, using adding machines or personal computers, and complete entries on forms, following tax form instructions and tax tables.",Tax Preparers,3.6666666666666665,4.0
"Design or produce materials such as posters, Web sites, or newsletters to promote, market, or advertise fundraising events.",Fundraisers,3.2857142857142856,4.0
"Compute customer's installation or production costs and estimate savings from new services, products, or equipment.","Sales Representatives, Wholesale and Manufacturing, Technical and Scientific Products",2.6666666666666665,4.0
"Draft or proofread judicial opinions, decisions, or citations.",Judicial Law Clerks,2.4285714285714284,4.0
Develop or implement procedures for ongoing Web site revision.,Web Developers,2.6,4.0
Verify legal descriptions of properties by comparing them to county records.,Appraisers and Assessors of Real Estate,3.5714285714285716,4.0
Develop or analyze information to assess the current or future financial status of firms.,Financial Managers,2.5714285714285716,4.0
Develop or maintain payment systems to ensure accuracy of vendor payments.,Logistics Analysts,2.4,4.0
"Compile data for use in activities, such as gene expression profiling, genome annotation, or structural bioinformatics.",Bioinformatics Scientists,4.0,4.0
"Document software defects, using a bug tracking system, and report defects to software developers.",Software Quality Assurance Analysts and Testers,2.6666666666666665,4.0
Develop new software applications or customize existing applications to meet specific scientific project needs.,Bioinformatics Scientists,3.6,4.0
"Read technical manuals, confer with users, or conduct computer diagnostics to investigate and resolve problems or to provide technical assistance and support.",Computer User Support Specialists,3.0,3.6666666666666665
"Read source documents such as canceled checks, sales reports, or bills, and enter data in specific data fields or onto tapes or disks for subsequent entry, using keyboards or scanners.",Data Entry Keyers,4.0,3.6666666666666665
Maintain logs of activities and completed work.,Data Entry Keyers,4.25,3.6666666666666665
Test system modifications to prepare for implementation.,Software Quality Assurance Analysts and Testers,3.25,3.6666666666666665
Review loan agreements to ensure that they are complete and accurate according to policy.,Loan Officers,2.8,3.6666666666666665
"Correspond with online customers via electronic mail, telephone, or other electronic messaging to address questions or complaints about products, policies, or shipping methods.",Online Merchants,3.2,3.6666666666666665
"Study illustrations and photographs to plan presentation of materials, products, or services.",Graphic Designers,2.4,3.6666666666666665
"Receive and route messages or documents, such as laboratory results, to appropriate staff.",Medical Secretaries and Administrative Assistants,3.8,3.6666666666666665
Create or modify web-based bioinformatics tools.,Bioinformatics Scientists,3.75,3.6666666666666665
"Research production topics using the internet, video archives, and other informational sources.",Producers and Directors,2.888888888888889,3.6666666666666665
"Obtain, organize, or develop training procedure manuals, guides, or course materials, such as handouts or visual materials.",Training and Development Specialists,3.5,3.6666666666666665
Perform or direct Web site updates.,Web Developers,2.4,3.6666666666666665
Prepare reports on logistics performance measures.,Logistics Analysts,3.6666666666666665,3.6666666666666665
"Prepare reports of activities, evaluations, recommendations, or decisions.",Compliance Officers,3.5,3.6666666666666665
"Prepare, examine, or analyze accounting records, financial statements, or other financial reports to assess accuracy, completeness, and conformance to reporting and procedural standards.",Accountants and Auditors,1.75,3.6666666666666665
"Address the relationships of quantities, magnitudes, and forms through the use of numbers and symbols.",Mathematicians,3.111111111111111,3.6666666666666665
"Assess clients' overall financial situations by reviewing income, assets, debts, expenses, credit reports, or other financial information.",Credit Counselors,3.6,3.6666666666666665
Manage tracking and reporting of search-related activities and provide analyses to marketing executives.,Search Marketing Strategists,3.1,3.6666666666666665
"Manage activities related to strategic or tactical purchasing, material requirements planning, controlling inventory, warehousing, or receiving.",Supply Chain Managers,3.1666666666666665,3.6666666666666665
Provide telephone support related to networking or connectivity issues.,Computer Network Support Specialists,3.8,3.6666666666666665
"Review final layouts and suggest improvements, as needed.",Graphic Designers,1.7142857142857142,3.6666666666666665
"Monitor systems for intrusions or denial of service attacks, and report security breaches to appropriate personnel.",Web Administrators,3.8,3.6666666666666665
Troubleshoot program and system malfunctions to restore normal functioning.,Computer Systems Analysts,2.5454545454545454,3.6666666666666665
Monitor and follow applicable laws and regulations.,"Purchasing Agents, Except Wholesale, Retail, and Farm Products",2.6666666666666665,3.6666666666666665
"Compare liquidity, profitability, and credit histories of establishments being evaluated with those of similar establishments in the same industries and geographic locations.",Credit Analysts,3.0,3.6666666666666665
Review and update credit and loan files.,Loan Officers,3.142857142857143,3.6666666666666665
Prepare and manage biofuels plant or unit budgets.,Biofuels Production Managers,3.75,3.6666666666666665
"Enter information into computerized court calendar, filing, or case management systems.",Judicial Law Clerks,4.0,3.6666666666666665
"Conduct and administer fiscal operations, including accounting, planning budgets, authorizing expenditures, establishing rates for services, and coordinating financial reporting.",Medical and Health Services Managers,3.3,3.6666666666666665
"Compare information or figures on one record against same data on other records, or with original copy, to detect errors.",Proofreaders and Copy Markers,2.7142857142857144,3.6666666666666665
Analyze credit data and financial statements to determine the degree of risk involved in extending credit or lending money.,Credit Analysts,2.5555555555555554,3.5
"Determine the order of work and method of presentation, such as orthographic or isometric drawing.",Architectural and Civil Drafters,3.3333333333333335,3.5
Recommend improvements to existing or planned logistics processes.,Logistics Analysts,2.25,3.5
"Receive, record, and authorize requests for disbursements in accordance with company policies and procedures.",Treasurers and Controllers,2.6,3.5
Monitor program performance to ensure efficient and problem-free operations.,Software Quality Assurance Analysts and Testers,3.75,3.5
"Analyze blueprints and other documentation to prepare time, cost, materials, and labor estimates.",Cost Estimators,2.2857142857142856,3.5
"Write commentaries, columns, or scripts, using computers.","News Analysts, Reporters, and Journalists",2.375,3.5
Provide application or analytical support to researchers or traders on issues such as valuations or data.,Financial Quantitative Analysts,3.2,3.5
Maintain records of performance reports for future reference.,Aerospace Engineers,3.6666666666666665,3.5
Check preliminary and final proofs for errors and make necessary corrections.,Desktop Publishers,3.2222222222222223,3.5
"Process, prepare, and submit business or government forms, such as submitting applications for coverage to insurance carriers.",Insurance Claims and Policy Processing Clerks,2.3333333333333335,3.5
"Study the economic, political, and cultural characteristics of a specific region's population.",Geographers,2.6666666666666665,3.5
"Prepare, proofread, or process legal documents, such as summonses, subpoenas, complaints, appeals, motions, or pretrial agreements.",Legal Secretaries and Administrative Assistants,2.3,3.5
"Manipulate publicly accessible, commercial, or proprietary genomic, proteomic, or post-genomic databases.",Bioinformatics Scientists,4.166666666666667,3.5
Calculate sample size requirements for clinical studies.,Biostatisticians,4.0,3.5
"Analyze building codes, by-laws, space and site requirements, and other technical documents and reports to determine their effect on architectural designs.",Architectural and Civil Drafters,3.0,3.5
Develop reports or presentations to communicate the effectiveness of sustainability initiatives.,Sustainability Specialists,2.4,3.5
"Advise clients or respond to inquiries about financial matters in person or via phone, email, Web site, or Internet chat.",Credit Counselors,2.5,3.5
Arrange for interlibrary loans of materials not available in a particular library.,Librarians and Media Collections Specialists,3.3333333333333335,3.5
"Manage backup, security and user help systems.",Computer and Information Systems Managers,3.0,3.5
"Collaborate with investigators to prepare presentations or reports of clinical study procedures, results, and conclusions.",Clinical Research Coordinators,2.8,3.5
"Modify computer security files to incorporate new software, correct errors, or change individual access status.",Information Security Analysts,2.625,3.5
"Provide ongoing analyses in areas such as transportation costs, parts procurement, back orders, or delivery processes.",Logistics Analysts,2.4,3.5
Answer questions and provide future tax planning to clients.,Tax Preparers,3.7142857142857144,3.5
"Analyze applicants' financial status, credit, and property evaluations to determine feasibility of granting loans.",Loan Officers,3.0,3.5
"Compose business correspondence for supervisors, managers, and professionals.",Insurance Claims and Policy Processing Clerks,3.3333333333333335,3.5
"Select material most pertinent to presentation, and organize this material into appropriate formats.","News Analysts, Reporters, and Journalists",2.8,3.5
"Create, layer, and analyze maps showing precision agricultural data, such as crop yields, soil characteristics, input applications, terrain, drainage patterns, or field management history.",Precision Agriculture Technicians,3.0,3.5
"Create, maintain, and enter information into databases.","Secretaries and Administrative Assistants, Except Legal, Medical, and Executive",3.111111111111111,3.5
"Answer inquiries from the general public regarding judicial procedures, court appearances, trial dates, adjournments, outstanding warrants, summonses, subpoenas, witness fees, or payment of fines.","Court, Municipal, and License Clerks",2.2857142857142856,3.5
"Analyze large molecular datasets, such as raw microarray data, genomic sequence data, or proteomics data, for clinical or basic research purposes.",Bioinformatics Scientists,2.8333333333333335,3.5
"Review catalogs, industry periodicals, directories, trade journals, and Internet sites and consult with other department personnel to locate necessary goods and services.","Purchasing Agents, Except Wholesale, Retail, and Farm Products",3.142857142857143,3.5
"Plan the contents of publications according to the publication's style, editorial policy, and publishing requirements.",Editors,1.6666666666666667,3.5
"Examine and evaluate financial and information systems, recommending controls to ensure system reliability and data integrity.",Accountants and Auditors,3.3,3.5
"Evaluate training materials prepared by instructors, such as outlines, text, or handouts.",Training and Development Specialists,3.8,3.5
"Evaluate taxpayer finances to determine tax liability, using knowledge of interest and discount rates, annuities, valuation of stocks and bonds, and amortization valuation of depletable assets.",Accountants and Auditors,3.111111111111111,3.5
Review employment applications and job orders to match applicants with job requirements.,Human Resources Specialists,3.0,3.5
"Write, analyze, review, and rewrite programs, using workflow chart and diagram, and applying knowledge of computer capabilities, subject matter, and symbolic logic.",Computer Programmers,3.1,3.5
"Assess or propose sustainability initiatives, considering factors such as cost effectiveness, technical feasibility, and acceptance.",Sustainability Specialists,2.75,3.5
"Prepare equipment inspection schedules, reliability schedules, work plans, or other records.",Mechanical Engineering Technologists and Technicians,4.0,3.5
Evaluate analytical methods and procedures to determine how they might be improved.,Quality Control Analysts,3.3333333333333335,3.5
Review insurance policy to determine coverage.,Insurance Claims and Policy Processing Clerks,3.0,3.5
Draft and type office memos.,Legal Secretaries and Administrative Assistants,1.9,3.5
"Establish work schedules and assignments for staff, according to workload, space, and equipment availability.",Medical and Health Services Managers,3.6,3.5
"Prepare data analysis listings and activity, performance, or progress reports.",Clinical Data Managers,3.375,3.5
"Prepare and maintain current data on each parcel assessed, including maps of boundaries, inventories of land and structures, property characteristics, and any applicable exemptions.",Appraisers and Assessors of Real Estate,3.1666666666666665,3.5
Prepare and review operational reports or project progress reports.,Computer and Information Systems Managers,3.1818181818181817,3.5
"Draw maps, diagrams, and profiles, using cross-sections and surveys, to represent elevations, topographical contours, subsurface formations, and structures.",Architectural and Civil Drafters,2.6666666666666665,3.5
Transcribe recorded messages or practitioners' diagnoses or recommendations into patients' medical records.,Medical Secretaries and Administrative Assistants,3.6666666666666665,3.5
"Document computer security and emergency measures policies, procedures, and tests.",Information Security Analysts,3.4,3.5
"Identify or monitor current and potential customers, using business intelligence tools.",Business Intelligence Analysts,3.2222222222222223,3.5
Conduct research and interviews to determine which of a product's selling features should be promoted.,Writers and Authors,3.6666666666666665,3.5
"Compile, record, and evaluate personal and financial data to verify completeness and accuracy, and to determine eligibility status.","Eligibility Interviewers, Government Programs",2.75,3.5
"Develop, administer, and evaluate applicant tests.",Human Resources Managers,3.1,3.5
"Prepare, draft, and review legal documents, such as wills, deeds, patent applications, mortgages, leases, and contracts.",Lawyers,3.2857142857142856,3.5
Interpret drilling and testing information for personnel.,Petroleum Engineers,3.0,3.5
Conduct verifications of employment.,Payroll and Timekeeping Clerks,3.75,3.5
Monitor forecasts and quotas to identify changes and predict effects on supply chain activities.,Supply Chain Managers,3.8,3.5
Compile laboratory test data and perform appropriate analyses.,Quality Control Analysts,3.3333333333333335,3.5
Prepare reports that include the degree of risk involved in extending credit or lending money.,Credit Analysts,3.2,3.5
"Identify program deviance from standards, and suggest modifications to ensure compliance.",Software Quality Assurance Analysts and Testers,3.0,3.5
"Initiate procedures to grant, modify, deny, or terminate assistance, or refer applicants to other agencies for assistance.","Eligibility Interviewers, Government Programs",2.5,3.5
"Perform general office duties, such as taking or transcribing dictation, typing or proofreading correspondence, distributing or filing official forms, or scheduling appointments.","Court, Municipal, and License Clerks",2.8333333333333335,3.5
Monitor markets or positions.,"Securities, Commodities, and Financial Services Sales Agents",3.3333333333333335,3.5
"Design, configure, and test computer hardware, networking software and operating system software.",Network and Computer Systems Administrators,3.4,3.5
"Identify spatial coordinates, using remote sensing and Global Positioning System (GPS) data.",Precision Agriculture Technicians,3.3333333333333335,3.5
Perform systems analysis and programming tasks to maintain and control the use of computer systems software as a systems programmer.,Computer Programmers,2.625,3.5
"Design, build, or maintain Web sites, using authoring or scripting languages, content creation tools, management tools, and digital media.",Web Developers,2.9,3.5
"Prepare data for processing by organizing information, checking for inaccuracies, and adjusting and weighting the raw data.",Statisticians,3.25,3.3333333333333335
Monitor network performance to determine whether adjustments are needed and where changes will be needed in the future.,Network and Computer Systems Administrators,3.6666666666666665,3.3333333333333335
Prepare colored drawings of landscape and interior designs for presentation to client.,Architectural and Civil Drafters,2.5,3.3333333333333335
"Create three-dimensional or interactive representations of designs, using computer-assisted design software.","Architects, Except Landscape and Naval",2.8333333333333335,3.3333333333333335
"Determine size and arrangement of illustrative material and copy, and select style and size of type.",Graphic Designers,2.3333333333333335,3.3333333333333335
"Plan study of work problems and procedures, such as organizational change, communications, information flow, integrated production methods, inventory control, or cost analysis.",Management Analysts,2.2,3.3333333333333335
"Prepare or review reports, manuscripts, or meeting presentations.",Molecular and Cellular Biologists,3.1666666666666665,3.3333333333333335
"Develop ideas or material for columns or commentaries by analyzing and interpreting news, current issues, or personal experiences.","News Analysts, Reporters, and Journalists",2.6666666666666665,3.3333333333333335
"Design test plans, scenarios, scripts, or procedures.",Software Quality Assurance Analysts and Testers,3.8333333333333335,3.3333333333333335
Develop and maintain course Web sites.,"Business Teachers, Postsecondary",3.2,3.3333333333333335
"Prepare estimates used by management for purposes such as planning, organizing, and scheduling work.",Cost Estimators,2.2857142857142856,3.3333333333333335
Monitor security system performance logs to identify problems and notify security specialists when problems occur.,Web Developers,2.9,3.3333333333333335
Specify inputs accessed by the system and plan the distribution and use of the results.,Computer Systems Analysts,2.2222222222222223,3.3333333333333335
"Compile lists of books, periodicals, articles, and audio-visual materials on particular subjects.",Librarians and Media Collections Specialists,2.0,3.3333333333333335
"Draw or read maps, such as soil, contour, or plat maps.",Precision Agriculture Technicians,3.0,3.3333333333333335
Collaborate with engineers or software developers to select appropriate design solutions or ensure the compatibility of system components.,Computer Systems Engineers/Architects,3.0,3.3333333333333335
"Complete documentation needed to support testing procedures, including data capture forms, equipment logbooks, or inventory forms.",Quality Control Analysts,3.8,3.3333333333333335
"Maintain files of information relating to emergency calls, such as personnel rosters and emergency call-out and pager files.",Public Safety Telecommunicators,4.666666666666667,3.3333333333333335
"Review complaints, petitions, motions, or pleadings that have been filed to determine issues involved or basis for relief.",Judicial Law Clerks,2.5,3.3333333333333335
"Compute load and grade requirements, water flow rates, or material stress factors to determine design specifications.",Civil Engineers,2.888888888888889,3.3333333333333335
Coordinate judges' meeting and appointment schedules.,Judicial Law Clerks,3.3333333333333335,3.3333333333333335
Furnish taxpayers with sufficient information and advice to ensure correct tax form completion.,Tax Preparers,2.75,3.3333333333333335
"Write speeches, press releases, or other promotional materials to increase awareness of the causes, missions, or goals of organizations seeking funds.",Fundraisers,2.7142857142857144,3.3333333333333335
Complete and maintain assessment rolls that show the assessed values and status of all property in a municipality.,Appraisers and Assessors of Real Estate,3.8,3.3333333333333335
Complete insurance or other claim forms.,Medical Secretaries and Administrative Assistants,3.0,3.3333333333333335
Report to management regarding the finances of establishment.,Accountants and Auditors,2.2,3.3333333333333335
"Evaluate and grade students' class work, assignments, and papers.","Business Teachers, Postsecondary",3.5555555555555554,3.3333333333333335
Monitor financial market trends to ensure that client plans are responsive.,Personal Financial Advisors,3.7,3.3333333333333335
"Analyze remote sensing imagery to identify relationships between soil quality, crop canopy densities, light reflectance, and weather history.",Precision Agriculture Technicians,3.5,3.3333333333333335
Instruct others in the selection and use of bioinformatics tools.,Bioinformatics Scientists,2.5,3.3333333333333335
Analyze and report computer network security breaches or attempted breaches.,Computer Network Support Specialists,2.5,3.3333333333333335
"Communicate project information through presentations, technical reports, or white papers.",Computer Systems Engineers/Architects,3.5,3.3333333333333335
Research hardware or software products to meet technical networking or security needs.,Computer Network Support Specialists,2.0,3.3333333333333335
Direct the preparation of regular and special budget reports.,Budget Analysts,3.4285714285714284,3.3333333333333335
"Initiate, review, or approve modifications to project plans.",Information Technology Project Managers,2.8,3.3333333333333335
Coordinate with the media to disseminate advertising.,Advertising and Promotions Managers,3.0,3.3333333333333335
Research new software or design concepts.,Graphic Designers,2.8333333333333335,3.3333333333333335
"Draft detail drawing or sketch for drafting room completion or to request parts fabrication by machine, sheet or wood shops.",Mechanical Engineering Technologists and Technicians,2.0,3.3333333333333335
Write press releases or other media communications to promote clients.,Public Relations Specialists,2.75,3.3333333333333335
Provide feedback to designers and other colleagues regarding game design features.,Video Game Designers,1.6666666666666667,3.3333333333333335
Use computer software to generate new images.,Graphic Designers,2.142857142857143,3.3333333333333335
Maintain scheduling and event calendars.,"Secretaries and Administrative Assistants, Except Legal, Medical, and Executive",2.5,3.3333333333333335
"Check reference materials, such as books, news files, or public records, to obtain relevant facts.","News Analysts, Reporters, and Journalists",4.0,3.3333333333333335
Analyze and interpret news and information received from various sources to broadcast the information.,"News Analysts, Reporters, and Journalists",2.2,3.3333333333333335
Review operating budgets to analyze trends affecting budget needs.,Budget Analysts,3.2857142857142856,3.3333333333333335
Provide technical guidance or support for the development or troubleshooting of systems.,Computer Systems Engineers/Architects,3.3333333333333335,3.3333333333333335
"Read and interpret blueprints, technical drawings, schematics, or computer-generated reports.",Mechanical Engineers,3.888888888888889,3.3333333333333335
"Enter digitized data into electronic prepress system computer memory, using scanner, camera, keyboard, or mouse.",Desktop Publishers,4.0,3.3333333333333335
"Estimate time for debt repayment, given amount of debt, interest rates, and available funds.",Credit Counselors,2.75,3.3333333333333335
Review materials such as marketing literature or user manuals to ensure that regulatory agency requirements are met.,Regulatory Affairs Managers,3.3333333333333335,3.3333333333333335
Verify energy bills and meter readings.,"Energy Engineers, Except Wind and Solar",3.25,3.3333333333333335
"Maintain and review computerized or manual records of purchased items, costs, deliveries, product performance, and inventories.","Purchasing Agents, Except Wholesale, Retail, and Farm Products",2.8,3.25
"Maintain files, such as maintenance records, bills of lading, or cost reports.","Production, Planning, and Expediting Clerks",2.6666666666666665,3.25
"Prepare or organize online storefront marketing material, including product descriptions or subject lines, optimizing content to search engine criteria.",Online Merchants,3.142857142857143,3.0
"Analyze geospatial data to determine agricultural implications of factors such as soil quality, terrain, field productivity, fertilizers, or weather conditions.",Precision Agriculture Technicians,2.25,3.0
Review sets of photographs to select the best work.,Photographers,2.1,3.0
Assign or schedule tasks to meet work priorities and goals.,Computer and Information Research Scientists,3.7,3.0
Prepare contract documents for building contractors.,"Architects, Except Landscape and Naval",2.0,3.0
"Review or evaluate competitive products, film, music, television, and other art forms to generate new game design ideas.",Video Game Designers,2.3333333333333335,3.0
"Prepare purchase orders, solicit bid proposals, and review requisitions for goods and services.","Purchasing Agents, Except Wholesale, Retail, and Farm Products",3.0,3.0
"Deliver prepared sales talks, reading from scripts that describe products or services, to persuade potential customers to purchase a product or service or to make a donation.",Telemarketers,2.5,3.0
Review and evaluate notes taken about news events to isolate pertinent facts and details.,"News Analysts, Reporters, and Journalists",2.0,3.0
Conduct reference or background checks on job applicants.,Human Resources Specialists,2.4,3.0
Conduct meetings with staff to discuss production progress and to ensure production objectives are attained.,Producers and Directors,2.0,3.0
"Prepare evaluations of software or hardware, and recommend improvements or upgrades.",Computer User Support Specialists,2.625,3.0
Prepare customer invoices and accept payment.,Reservation and Transportation Ticket Agents and Travel Clerks,2.625,3.0
Review and revise sustainability proposals or policies.,Sustainability Specialists,3.1666666666666665,3.0
Compute payment schedules.,Loan Officers,3.4,3.0
Review data from contract laboratories to ensure accuracy and regulatory compliance.,Quality Control Analysts,3.6666666666666665,3.0
"Conduct research to identify the goals, net worth, charitable donation history, or other data related to potential donors, potential investors, or general donor markets.",Fundraisers,3.2,3.0
"Analyze information processing or computation needs and plan and design computer systems, using techniques such as structured analysis, data modeling, and information engineering.",Computer Systems Analysts,2.7,3.0
"Review information about transfers of property to ensure its accuracy, checking basic information on buyers, sellers, and sales prices and making corrections as necessary.",Appraisers and Assessors of Real Estate,3.4285714285714284,3.0
"Apply analytic methods or tools to understand, predict, or control logistics operations or processes.",Logistics Analysts,4.333333333333333,3.0
"Prepare study-related documentation, such as protocol worksheets, procedural manuals, adverse event reports, institutional review board documents, or progress reports.",Clinical Research Coordinators,2.7,3.0
"Conduct searches to find needed information, using such sources as the Internet.","Secretaries and Administrative Assistants, Except Legal, Medical, and Executive",2.5454545454545454,3.0
Promote awareness or use of alternative or renewable energy sources.,"Energy Engineers, Except Wind and Solar",2.25,3.0
"Process clinical data, including receipt, entry, verification, or filing of information.",Clinical Data Managers,3.5714285714285716,3.0
"Read copy or proof to detect and correct errors in spelling, punctuation, and syntax.",Editors,2.3,3.0
"Approve, reject, or coordinate the approval or rejection of lines of credit or commercial, real estate, or personal loans.",Financial Managers,3.0,3.0
Create custom illustrations or other graphic elements.,Art Directors,2.625,3.0
"Produce reports regarding nonconformance of products or processes, daily production quality, root cause analyses, or quality trends.",Quality Control Systems Managers,2.8,3.0
"Set up and execute video transitions and special effects, such as fades, dissolves, cuts, keys, and supers, using computers to manipulate pictures as necessary.",Media Technical Directors/Managers,2.0,3.0
Propose online or multiple-sales-channel campaigns to marketing executives.,Search Marketing Strategists,3.2,3.0
Prepare reports or recommendations on transportation planning.,Transportation Planners,3.142857142857143,3.0
"Provide technical support to other employees regarding mechanical design, fabrication, testing, or documentation.",Mechanical Engineering Technologists and Technicians,3.3333333333333335,3.0
Provide technical or administrative support for sustainability programs or issues.,Sustainability Specialists,3.0,3.0
Provide feedback to design engineers on customer problems or needs.,Mechanical Engineers,2.5,3.0
Provide feedback and recommendations to developers on software usability and functionality.,Software Quality Assurance Analysts and Testers,3.0,3.0
Write or supervise the writing of game text and dialogue.,Video Game Designers,2.0,3.0
"Apply mathematical or statistical techniques to address practical issues in finance, such as derivative valuation, securities trading, risk management, or financial market regulation.",Financial Quantitative Analysts,3.3,3.0
Process and record new insurance policies and claims.,Insurance Claims and Policy Processing Clerks,1.9,3.0
Correct errors by making appropriate changes and rechecking the program to ensure that the desired results are produced.,Computer Programmers,3.0,3.0
"Create designs, concepts, and sample layouts, based on knowledge of layout principles and esthetic design concepts.",Graphic Designers,1.7777777777777777,3.0
"Coordinate structural, electrical, and mechanical designs and determine a method of presentation to graphically represent building plans.",Architectural and Civil Drafters,2.4,3.0
Present drafts and ideas to clients.,Writers and Authors,2.375,3.0
"Answer questions or provide advice to the public regarding licensing policies, procedures, or regulations.","Court, Municipal, and License Clerks",2.1666666666666665,3.0
"Coordinate and direct the financial planning, budgeting, procurement, or investment activities of all or part of an organization.",Treasurers and Controllers,2.0,3.0
"Converse with customer to determine destination, mode of transportation, travel dates, financial considerations, and accommodations required.",Travel Agents,2.3,3.0
Write reports or prepare presentations to communicate fundraising program data.,Fundraisers,3.5,3.0
Refer unresolved customer grievances to designated departments for further investigation.,Customer Service Representatives,2.7,3.0
"Write technical reports or other documentation, such as handbooks or bulletins, for use by engineering staff, management, or customers.",Aerospace Engineers,3.142857142857143,3.0
"Remotely monitor the flow of vehicles or inventory, using Web-based logistics information systems to track vehicles or containers.",Logistics Analysts,3.0,3.0
Prepare tables and graphs to present clinical data or results.,Biostatisticians,4.0,3.0
Research a story's background information to provide complete and accurate information.,"News Analysts, Reporters, and Journalists",2.0,3.0
"Prepare sample layouts for approval, using computer software.",Desktop Publishers,2.857142857142857,3.0
Schedule use of studio and editing facilities for producers and engineering and maintenance staff.,Media Technical Directors/Managers,2.75,3.0
"Write text, such as stories, articles, editorials, or newsletters.",Editors,1.6,3.0
Revise work to meet editorial approval or to fit time or space requirements.,"News Analysts, Reporters, and Journalists",2.4285714285714284,3.0
"Perform or direct revision, repair, or expansion of existing programs to increase operating efficiency or adapt to new requirements.",Computer Programmers,2.5,3.0
"Develop procedures for coordination of supply chain management with other functional areas, such as sales, marketing, finance, production, or quality assurance.",Supply Chain Managers,2.3333333333333335,3.0
Monitor work productivity or quality to ensure compliance with standard operating procedures.,Clinical Data Managers,3.4,3.0
"Track conditions that could affect power needs, such as changes in the weather, and adjust equipment to meet any anticipated changes.",Power Distributors and Dispatchers,3.0,3.0
"Develop testing programs that address areas such as database impacts, software scenarios, regression testing, negative testing, error or bug retests, or usability.",Software Quality Assurance Analysts and Testers,3.0,3.0
"Keep up-to-date records of circulation and materials, maintain inventory, and correct cataloging errors.",Librarians and Media Collections Specialists,2.7142857142857144,3.0
"Lay out and plan interior room arrangements for commercial buildings, using computer-assisted drafting (CAD) equipment and software.",Architectural and Civil Drafters,2.75,3.0
Locate and obtain existing geographic information databases.,Geographers,2.5,3.0
Locate unusual or unique information in response to specific requests.,Librarians and Media Collections Specialists,1.8,3.0
"Maintain access to, and security of, highly sensitive materials.",Public Safety Telecommunicators,2.5,3.0
Verify accuracy of materials lists.,"Sales Representatives, Wholesale and Manufacturing, Technical and Scientific Products",2.6,3.0
Maintain contact with sponsors to schedule and coordinate site visits or to answer questions about issues such as incomplete data.,Clinical Research Coordinators,2.9,3.0
"Test, maintain, and monitor computer programs and systems, including coordinating the installation of computer programs and systems.",Computer Systems Analysts,2.3,3.0
"Maintain medical records, technical library, or correspondence files.",Medical Secretaries and Administrative Assistants,2.125,3.0
Maintain records and files of work and revisions.,Technical Writers,2.75,3.0
"Code, classify, and catalog books, publications, films, audio-visual aids, and other library materials, based on subject matter or standard library classification systems.",Librarians and Media Collections Specialists,1.6666666666666667,3.0
Maintain records of drilling and production operations.,Petroleum Engineers,4.333333333333333,3.0
"Develop or specify standards, methods, or procedures to determine product quality or release readiness.",Software Quality Assurance Analysts and Testers,3.1666666666666665,3.0
Analyze financial information obtained from clients to determine strategies for meeting clients' financial objectives.,Personal Financial Advisors,2.9,3.0
Develop or maintain online help documentation.,Technical Writers,2.2857142857142856,3.0
Monitor and analyze energy consumption.,"Energy Engineers, Except Wind and Solar",3.6666666666666665,3.0
Check building codes and zoning bylaws to determine any effects on the properties being appraised.,Appraisers and Assessors of Real Estate,3.5,3.0
Supply quality control data necessary for regulatory submissions.,Quality Control Analysts,2.75,3.0
Monitor current reports of computer viruses to determine when to update virus protection systems.,Information Security Analysts,3.375,3.0
Submit articles and information from searches to attorneys for review and approval for use.,Legal Secretaries and Administrative Assistants,3.5,3.0
"Develop graphics and layouts for product illustrations, company logos, and Web sites.",Graphic Designers,1.8888888888888888,3.0
Monitor system operation to detect potential problems.,Computer Systems Engineers/Architects,4.0,3.0
Monitor training costs and prepare budget reports to justify expenditures.,Training and Development Specialists,3.3333333333333335,3.0
"Develop, implement, or evaluate health information technology applications, tools, processes, or structures to assist nurses with data management.",Health Informatics Specialists,2.5,3.0
"Collect business intelligence data from available industry reports, public information, field reports, or purchased sources.",Business Intelligence Analysts,3.142857142857143,3.0
Track enrollment status of subjects and document dropout information such as dropout causes and subject contact efforts.,Clinical Research Coordinators,2.9,3.0
"Translate nursing practice information between nurses and systems engineers, analysts, or designers, using object-oriented models or other techniques.",Health Informatics Specialists,3.25,3.0
"Draft plans and detailed drawings for structures, installations, and construction projects, such as highways, sewage disposal systems, and dikes, working from sketches or notes.",Architectural and Civil Drafters,3.4444444444444446,3.0
"Enter text into computer keyboard and select the size and style of type, column width, and appropriate spacing for printed materials.",Desktop Publishers,3.5714285714285716,3.0
"Estimate quantities and cost of materials, equipment, or labor to determine project feasibility.",Civil Engineers,3.25,3.0
"Evaluate current or emerging technologies to consider factors such as cost, portability, compatibility, or usability.",Computer Systems Engineers/Architects,2.6,3.0
"Analyze and interpret patient, nursing, or information systems data to improve nursing services.",Health Informatics Specialists,2.8333333333333335,3.0
"Evaluate modes of training delivery, such as in-person or virtual, to optimize training effectiveness, training costs, or environmental impacts.",Training and Development Specialists,2.6666666666666665,3.0
Evaluate needs for procurement of funds and investment of surpluses and make appropriate recommendations.,Treasurers and Controllers,2.0,3.0
"Examine news items of local, national, and international significance to determine topics to address, or obtain assignments from editorial staff members.","News Analysts, Reporters, and Journalists",2.0,3.0
Examine passenger documentation to determine destinations and to assign boarding passes.,Reservation and Transportation Ticket Agents and Travel Clerks,3.2857142857142856,3.0
"Transmit correspondence or medical records by mail, e-mail, or fax.",Medical Secretaries and Administrative Assistants,3.4285714285714284,3.0
Transmit claims for payment or further investigation.,Insurance Claims and Policy Processing Clerks,2.8,3.0
Document and maintain records of precision agriculture information.,Precision Agriculture Technicians,2.857142857142857,3.0
"Devise missions, challenges, or puzzles to be encountered in game play.",Video Game Designers,2.5714285714285716,3.0
"Generate data queries, based on validation checks or errors and omissions identified during data entry, to resolve identified problems.",Clinical Data Managers,4.0,3.0
"Generate standard or custom reports summarizing business, financial, or economic data for review by executives, managers, clients, and other stakeholders.",Business Intelligence Analysts,3.2,3.0
"Identify system data, hardware, or software components required to meet user needs.",Computer Systems Engineers/Architects,2.5,3.0
Identify the ownership of each piece of taxable property.,Appraisers and Assessors of Real Estate,3.0,3.0
"Identify, analyze, and document problems with program function, output, online screen, or content.",Software Quality Assurance Analysts and Testers,3.0,3.0
"Inform clients of essential travel information, such as travel times, transportation connections, or medical and visa requirements.",Reservation and Transportation Ticket Agents and Travel Clerks,3.125,3.0
"Communicate quality control information to all relevant organizational departments, outside vendors, or contractors.",Quality Control Systems Managers,2.8,3.0
"Inform job applicants of details such as duties and responsibilities, compensation, benefits, schedules, working conditions, or promotion opportunities.",Human Resources Specialists,2.0,3.0
"Install, maintain, or use software testing programs.",Software Quality Assurance Analysts and Testers,3.5,3.0
"Transcribe data to worksheets, and enter data into computer for use in preparing documents and adjusting accounts.",Insurance Claims and Policy Processing Clerks,2.6666666666666665,3.0
"Interpret engineering sketches, specifications, or drawings.",Mechanical Engineering Technologists and Technicians,1.75,3.0
Monitor use of data files and regulate access to safeguard information in computer files.,Information Security Analysts,3.7,3.0
Review or transmit images and information using picture archiving or communications systems.,Radiologists,3.888888888888889,3.0
Order or purchase merchandise to maintain optimal inventory levels.,Online Merchants,2.2,3.0
Post and update content on the company's Web site and social media outlets.,Public Relations Specialists,3.125,3.0
Calculate clients' available monthly income to meet debt obligations.,Credit Counselors,2.8,3.0
"Organize material and complete writing assignment according to set standards regarding order, clarity, conciseness, style, and terminology.",Technical Writers,3.625,3.0
"Plan and design transportation or hydraulic systems or structures, using computer-assisted design or drawing tools.",Civil Engineers,3.0,3.0
Oversee the flow of cash or financial instruments.,Financial Managers,2.8,3.0
"Perform searches for qualified job candidates, using sources such as computer databases, networking, Internet recruiting resources, media advertisements, job fairs, recruiting firms, or employee referrals.",Human Resources Specialists,2.9,3.0
"Position text and art elements from a variety of databases in a visually appealing way to design print or web pages, using knowledge of type styles and size and layout patterns.",Desktop Publishers,2.7142857142857144,3.0
"Prepare activity reports to inform management of the status and implementation plans of programs, services, and quality initiatives.",Medical and Health Services Managers,2.8,3.0
"Operate electronic mail systems and coordinate the flow of information, internally or with other organizations.","Secretaries and Administrative Assistants, Except Legal, Medical, and Executive",2.2857142857142856,3.0
Calculate amount of claim.,Insurance Claims and Policy Processing Clerks,2.9,3.0
"Perform payroll functions, such as maintaining timekeeping information and processing and submitting payroll.","Secretaries and Administrative Assistants, Except Legal, Medical, and Executive",2.3333333333333335,3.0
"Perform or interpret the outcomes of diagnostic imaging procedures including magnetic resonance imaging (MRI), computer tomography (CT), positron emission tomography (PET), nuclear cardiology treadmill studies, mammography, or ultrasound.",Radiologists,2.6666666666666665,3.0
Store completed documents in appropriate locations.,Data Entry Keyers,4.333333333333333,3.0
Post or attach information to claim file.,Insurance Claims and Policy Processing Clerks,2.5,3.0
"Design, plan, organize, or direct orientation and training programs for employees or customers.",Training and Development Specialists,3.375,3.0
Develop alternative training methods if expected improvements are not seen.,Training and Development Specialists,2.6666666666666665,3.0
"Determine appropriate equipment and staffing levels to load, unload, move, or store materials.",Supply Chain Managers,3.6666666666666665,3.0
Analyze clinical data using appropriate statistical tools.,Clinical Data Managers,3.6666666666666665,3.0
"Develop computer information resources, providing for data security and control, strategic computing, and disaster recovery.",Computer and Information Systems Managers,3.6,3.0
"Solicit, obtain, and integrate feedback from design and technical staff into original game design.",Video Game Designers,3.75,3.0
Design energy-efficient or environmentally sound civil structures.,Civil Engineers,3.6666666666666665,3.0
"Plan routes, itineraries, and accommodation details, and compute fares and fees, using schedules, rate books, and computers.",Reservation and Transportation Ticket Agents and Travel Clerks,2.1666666666666665,3.0
Hire employees and process hiring-related paperwork.,Human Resources Specialists,2.9,2.75
"Compute final estimation of property values, taking into account such factors as depreciation, replacement costs, value comparisons of similar properties, and income potential.",Appraisers and Assessors of Real Estate,2.75,2.75
"Calculate figures, such as required amounts of labor or materials, manufacturing costs, or wages, using pricing schedules, adding machines, calculators, or computers.","Production, Planning, and Expediting Clerks",3.0,2.75
Distribute production schedules or work orders to departments.,"Production, Planning, and Expediting Clerks",3.142857142857143,2.75
"Review documents, such as production schedules, work orders, or staffing tables, to determine personnel or materials requirements or material priorities.","Production, Planning, and Expediting Clerks",2.7,2.75
"Plan production commitments or timetables for business units, specific programs, or jobs, using sales forecasts.","Production, Planning, and Expediting Clerks",3.2857142857142856,2.6666666666666665
Cut and edit film or tape to integrate component parts into desired sequences.,Producers and Directors,1.75,2.6666666666666665
Use informatics science to design or implement health information technology applications for resolution of clinical or health care administrative problems.,Health Informatics Specialists,2.6666666666666665,2.6666666666666665
"Review all regulatory agency submission materials to ensure timeliness, accuracy, comprehensiveness, or compliance with regulatory standards.",Regulatory Affairs Managers,3.142857142857143,2.6666666666666665
"Design, develop, select, test, implement, and evaluate new or modified informatics solutions, data structures, and decision-support mechanisms to support patients, health care professionals, and their information management and human-computer and human-technology interactions within health care contexts.",Health Informatics Specialists,2.6666666666666665,2.6666666666666665
"Research and evaluate suppliers, based on price, quality, selection, service, support, availability, reliability, production and distribution capabilities, and the supplier's reputation and history.","Purchasing Agents, Except Wholesale, Retail, and Farm Products",2.5714285714285716,2.6666666666666665
"Use the computer in the analysis and solution of business problems, such as development of integrated production and inventory control and cost analysis systems.",Computer Systems Analysts,2.4,2.6666666666666665
Analyze statistical data and reports to identify and determine causes of personnel problems and develop recommendations for improvement of organization's personnel policies and practices.,Human Resources Managers,2.4,2.6666666666666665
Conduct regular design reviews throughout the game development process.,Video Game Designers,3.4,2.6666666666666665
"Develop, operate, and maintain geographical information computer systems, including hardware, software, plotters, digitizers, printers, and video cameras.",Geographers,3.2,2.6666666666666665
"Interpret data on logistics elements, such as availability, maintainability, reliability, supply chain management, strategic sourcing or distribution, supplier management, or transportation.",Logistics Analysts,2.6,2.6666666666666665
Respond to requests for information from the media or designate an appropriate spokesperson or information source.,Public Relations Specialists,2.6,2.6666666666666665
"Review and approve art materials, copy materials, and proofs of printed copy developed by staff members.",Art Directors,3.1666666666666665,2.6666666666666665
"Record test procedures and results, numerical and graphical data, and recommendations for changes in product or test methods.",Mechanical Engineering Technologists and Technicians,3.0,2.6666666666666665
Identify and recommend energy savings strategies to achieve more energy-efficient operation.,"Energy Engineers, Except Wind and Solar",3.3333333333333335,2.6666666666666665
Record adverse event and side effect data and confer with investigators regarding the reporting of events to oversight agencies.,Clinical Research Coordinators,2.4,2.6666666666666665
"Direct the preparation and submission of regulatory agency applications, reports, or correspondence.",Regulatory Affairs Managers,3.0,2.6666666666666665
"Gather, analyze, or document user feedback to locate or resolve sources of problems.",Web Administrators,2.6,2.6666666666666665
"Monitor, evaluate, or record training activities or program effectiveness.",Training and Development Specialists,3.6,2.6666666666666665
"Recommend changes to improve systems and network configurations, and determine hardware or software requirements related to such changes.",Network and Computer Systems Administrators,3.3333333333333335,2.6666666666666665
"Write and review product specifications, maintaining a working technical knowledge of the goods or services to be purchased.","Purchasing Agents, Except Wholesale, Retail, and Farm Products",2.7142857142857144,2.6666666666666665
"Analyze financial data, such as income growth, quality of management, and market share to determine expected profitability of loans.",Credit Analysts,2.5714285714285716,2.6666666666666665
"Edit, standardize, or make changes to material prepared by other writers or establishment personnel.",Technical Writers,2.0,2.6666666666666665
Obtain county land values and sales information about nearby properties to aid in establishment of property values.,Appraisers and Assessors of Real Estate,3.75,2.6666666666666665
"Develop design criteria for aeronautical or aerospace products or systems, including testing methods, production costs, quality standards, environmental standards, or completion dates.",Aerospace Engineers,3.0,2.6666666666666665
"Complete various forms, such as accident reports, trial and courtroom requests, and applications for clients.",Legal Secretaries and Administrative Assistants,2.4,2.6666666666666665
Calculate required capacities for equipment of proposed system to obtain specified performance and submit data to engineering personnel for approval.,Mechanical Engineering Technologists and Technicians,1.6666666666666667,2.6666666666666665
Prepare and process requisitions and purchase orders for supplies and equipment.,Purchasing Managers,2.3,2.6666666666666665
Monitor emerging trends regarding industry regulations to determine potential impacts on organizational processes.,Regulatory Affairs Managers,4.0,2.6666666666666665
"Analyze computer and information technologies to determine applicability to nursing practice, education, administration, and research.",Health Informatics Specialists,2.0,2.6666666666666665
"Provide services to customers, such as order placement or account information.","Secretaries and Administrative Assistants, Except Legal, Medical, and Executive",2.6,2.6666666666666665
Locate and attach appropriate files to incoming correspondence requiring replies.,"Secretaries and Administrative Assistants, Except Legal, Medical, and Executive",2.5,2.6666666666666665
"Develop or test models of alternate designs or processing methods to assess feasibility, sustainability, operating condition effects, potential new applications, or necessity of modification.",Mechanical Engineers,3.5,2.6666666666666665
Maintain regularly scheduled office hours to advise and assist students.,"Business Teachers, Postsecondary",3.6,2.6666666666666665
"Conduct online marketing initiatives, such as paid ad placement, affiliate programs, sponsorship programs, email promotions, or viral marketing campaigns on social media Web sites.",Search Marketing Strategists,3.2,2.6666666666666665
"Prepare written reports that estimate property values, outline methods by which the estimations were made, and meet appraisal standards.",Appraisers and Assessors of Real Estate,3.625,2.6666666666666665
Balance and adjust gameplay experiences to ensure the critical and commercial success of the product.,Video Game Designers,3.1666666666666665,2.6666666666666665
"Allocate print space for story text, photos, and illustrations according to space parameters and copy significance, using knowledge of layout principles.",Editors,1.75,2.6666666666666665
"Define and analyze objectives, scope, issues, or organizational impact of information systems.",Computer Systems Engineers/Architects,2.0,2.6666666666666665
"Prepare illustrations or rough sketches of material, discussing them with clients or supervisors and making necessary changes.",Graphic Designers,1.7142857142857142,2.6666666666666665
"Locate vendors of materials, equipment or supplies, and interview them to determine product availability and terms of sales.",Purchasing Managers,2.0,2.6666666666666665
"Select photographs, drawings, sketches, diagrams, and charts to illustrate material.",Technical Writers,2.5,2.6666666666666665
"Determine response requirements and relative priorities of situations, and dispatch units in accordance with established procedures.",Public Safety Telecommunicators,3.8333333333333335,2.6666666666666665
Examine income records and operating costs of income properties.,Appraisers and Assessors of Real Estate,2.5,2.6666666666666665
Design computers and the software that runs them.,Computer and Information Research Scientists,3.6666666666666665,2.6666666666666665
"Administer compensation, benefits, and performance management systems, and safety and recreation programs.",Human Resources Managers,4.0,2.5
Assign work to staff to obtain maximum utilization of personnel.,Petroleum Engineers,4.0,2.5
"Document the performance, interpretation, or outcomes of all procedures performed.",Radiologists,4.0,2.5
Troubleshoot network or connectivity problems for users or user groups.,Computer Network Support Specialists,2.4285714285714284,2.5
Review and approve all systems charts and programs prior to their implementation.,Computer and Information Systems Managers,2.7,2.5
"Explain services or policies to clients, such as debt management program rules, advantages and disadvantages of using services, or creditor concession policies.",Credit Counselors,3.0,2.5
Prepare comprehensive interpretive reports of findings.,Radiologists,3.0,2.5
"Draw and print charts, graphs, illustrations, and other artwork, using computer.",Graphic Designers,2.888888888888889,2.5
"Disseminate information regarding tools, reports, or metadata enhancements.",Business Intelligence Analysts,3.75,2.5
Compile and analyze accounting records and other data to determine the financial resources required to implement a program.,Budget Analysts,2.8333333333333335,2.5
Stay abreast of advances in technology.,Computer and Information Systems Managers,3.3,2.5
"Prepare information regarding design, structure specifications, materials, color, equipment, estimated costs, or construction time.","Architects, Except Landscape and Naval",2.75,2.5
"Maintain and administer computer networks and related computing environments, including computer hardware, systems software, applications software, and all configurations.",Network and Computer Systems Administrators,3.5,2.5
"Create debt management plans, spending plans, or budgets to assist clients to meet financial goals.",Credit Counselors,2.25,2.5
"View monitors for visual representation of work in progress and for instructions and feedback throughout process, making modifications as necessary.",Desktop Publishers,2.75,2.5
"Program farm equipment, such as variable-rate planting equipment or pesticide sprayers, based on input from crop scouting and analysis of field condition variability.",Precision Agriculture Technicians,3.0,2.5
"Verify that all files, complaints, or other papers are available and in the proper order.",Judicial Law Clerks,3.0,2.5
Develop mathematical or statistical models of phenomena to be used for analysis or for computational simulation.,Mathematicians,2.888888888888889,2.5
"Prioritize client debt repayment to avoid dire consequences, such as bankruptcy or foreclosure or to reduce overall costs, such as by paying high-interest or short-term loans first.",Credit Counselors,2.6666666666666665,2.5
"Monitor meters, flow gauges, or other real-time data to ensure proper operation of biofuels production equipment, implementing corrective measures as needed.",Biofuels Production Managers,4.0,2.5
Manage timely flow of business intelligence information to users.,Business Intelligence Analysts,3.4,2.5
Advise students on academic and vocational curricula and career issues.,"Business Teachers, Postsecondary",3.4,2.5
Prepare written documents to establish contracts with or communicate financial recommendations to clients.,Credit Counselors,3.2,2.5
Participate in continuing education activities to maintain and develop expertise.,Radiologists,2.0,2.5
Study and research scripts to determine how they should be directed.,Producers and Directors,2.5714285714285716,2.5
"Identify, collect, record, or analyze data relevant to the nursing care of patients.",Health Informatics Specialists,3.1666666666666665,2.5
"Read trade journals and professional literature to stay informed on trends, innovations, and changes that affect media planning.",Advertising and Promotions Managers,3.5,2.5
Maintain accurate laboratory records and data.,Molecular and Cellular Biologists,2.857142857142857,2.5
"Prepare reports, exhibits, and other supporting schedules that detail an institution's safety and soundness, compliance with laws and regulations, and recommended solutions to questionable financial conditions.",Financial Examiners,3.0,2.5
"Conduct research that tests or analyzes the feasibility, design, operation, or performance of equipment, components, or systems.",Mechanical Engineers,3.3333333333333335,2.5
"Plan or design structures such as residences, office buildings, theatres, factories, or other structural properties in accordance with environmental, safety, or other regulations.","Architects, Except Landscape and Naval",2.6,2.5
Plan layouts of structural architectural projects.,"Architects, Except Landscape and Naval",3.5,2.5
"Prepare or interpret for clients information, such as investment performance reports, financial document summaries, or income projections.",Personal Financial Advisors,3.3,2.5
"Track the flow of work forms, including in-house data flow or electronic forms transfer.",Clinical Data Managers,3.6666666666666665,2.5
Investigate or report questionable test results.,Quality Control Analysts,2.5,2.5
Design and conduct hardware or software tests.,Computer Systems Engineers/Architects,3.6,2.5
"Approve, prepare, monitor, and adjust operational budgets.",Computer and Information Research Scientists,4.166666666666667,2.5
Collect information about waste stream management or green building practices to inform decision makers.,Sustainability Specialists,2.6,2.5
"Draw rough and detailed scale plans for foundations, buildings, and structures, based on preliminary concepts, sketches, engineering calculations, specification sheets, and other data.",Architectural and Civil Drafters,3.6666666666666665,2.5
Contact suppliers to verify shipment details.,"Production, Planning, and Expediting Clerks",3.3333333333333335,2.5
Develop technical specifications for data management programming and communicate needs to information technology staff.,Clinical Data Managers,3.5,2.5
Write and submit proposals to bid on contracts for projects.,Producers and Directors,2.3333333333333335,2.3333333333333335
Write or install energy management routines for building automation systems.,"Energy Engineers, Except Wind and Solar",3.0,2.3333333333333335
"Review proposed study protocols to evaluate factors such as sample collection processes, data management plans, or potential subject risks.",Clinical Research Coordinators,2.4,2.3333333333333335
"Use computers for various applications, such as database management or word processing.","Secretaries and Administrative Assistants, Except Legal, Medical, and Executive",2.1818181818181817,2.3333333333333335
"Submit project deliverables, ensuring adherence to quality standards.",Information Technology Project Managers,2.7,2.3333333333333335
"Organize and maintain law libraries, documents, and case files.",Legal Secretaries and Administrative Assistants,2.4,2.3333333333333335
Review illustrative material to determine if it conforms to standards and specifications.,Art Directors,2.4,2.3333333333333335
"Provide advice on project costs, design concepts, or design changes.",Computer Systems Engineers/Architects,3.5714285714285716,2.3333333333333335
"Prepare, rewrite and edit copy to improve readability, or supervise others who do this work.",Editors,2.5,2.3333333333333335
"Assign topics, events and stories to individual writers or reporters for coverage.",Editors,1.8,2.3333333333333335
"Assign, coordinate, and review work and activities of programming personnel.",Computer Programmers,2.3333333333333335,2.3333333333333335
"Assist drafters in developing the structural design of products, using drafting tools or computer-assisted drafting equipment or software.",Mechanical Engineers,3.6,2.3333333333333335
"Plan, coordinate, and implement security measures to safeguard information in computer files against accidental or unauthorized damage, modification or disclosure.",Database Administrators,2.3333333333333335,2.3333333333333335
"Develop or update project plans for information technology projects including information such as project objectives, technologies, systems, information specifications, schedules, funding, and staffing.",Information Technology Project Managers,2.8,2.3333333333333335
"Develop plans to safeguard computer files against accidental or unauthorized modification, destruction, or disclosure and to meet emergency data processing needs.",Information Security Analysts,2.6666666666666665,2.3333333333333335
"Develop story or content ideas, considering reader or audience appeal.",Editors,2.0,2.3333333333333335
"Perform management activities, such as budgeting, scheduling, planning, and marketing.",Producers and Directors,3.375,2.3333333333333335
"Develop training materials and procedures, or train users in the proper use of hardware or software.",Computer User Support Specialists,3.0,2.3333333333333335
"Operate office equipment, such as voice mail messaging systems, and use word processing, spreadsheet, or other software applications to prepare reports, invoices, financial statements, letters, case histories, or medical records.",Medical Secretaries and Administrative Assistants,3.111111111111111,2.3333333333333335
Compile and analyze molecular or cellular experimental data and adjust experimental designs as necessary.,Molecular and Cellular Biologists,3.3333333333333335,2.3333333333333335
Monitor or track project milestones and deliverables.,Information Technology Project Managers,3.3,2.3333333333333335
Monitor broadcasts to ensure that programs conform to station or network policies and regulations.,Media Technical Directors/Managers,2.8,2.3333333333333335
"Examine the minutes of meetings of directors, stockholders, and committees to investigate the specific authority extended at various levels of management.",Financial Examiners,2.8333333333333335,2.3333333333333335
"Investigate products or markets to determine areas for opportunity or viability for merchandising specific products, using online or offline sources.",Online Merchants,4.0,2.3333333333333335
"Interpret data from traffic modeling software, geographic information systems, or associated databases.",Transportation Planners,3.857142857142857,2.3333333333333335
Create and implement inspection and testing criteria or procedures.,Quality Control Systems Managers,3.0,2.3333333333333335
"Develop or implement fundraising activities, such as annual giving campaigns or direct mail programs.",Fundraisers,3.1666666666666665,2.3333333333333335
Correspond with insured or agent to obtain information or to inform them of account status or changes.,Insurance Claims and Policy Processing Clerks,2.4,2.3333333333333335
Review and approve proofs submitted by composing room prior to publication production.,Editors,2.375,2.3333333333333335
"Compile scripts, program notes, and other material related to productions.",Producers and Directors,3.4,2.3333333333333335
Analyze problems to develop solutions involving computer hardware and software.,Computer and Information Research Scientists,3.7777777777777777,2.3333333333333335
"Review film, recordings, or rehearsals to ensure conformance to production and broadcast standards.",Producers and Directors,3.0,2.3333333333333335
"Compile, administer, and grade examinations, or assign this work to others.","Business Teachers, Postsecondary",3.7777777777777777,2.3333333333333335
Contact industry representatives to ensure equipment and software specifications necessary for successful study completion.,Clinical Research Coordinators,3.2222222222222223,2.3333333333333335
"Recommend financial products, such as stocks, bonds, mutual funds, or insurance.",Personal Financial Advisors,2.5,2.3333333333333335
"Read, evaluate and edit manuscripts or other materials submitted for publication, and confer with authors regarding changes in content, style or organization, or publication.",Editors,1.8888888888888888,2.3333333333333335
Review and analyze facility activities and data to aid planning and cash and risk management and to improve service utilization.,Medical and Health Services Managers,2.9,2.3333333333333335
Review film daily to check on work in progress and to plan for future filming.,Producers and Directors,2.2,2.3333333333333335
"Review scientific literature, participate in continuing education activities, or attend conferences and seminars to maintain current knowledge of clinical studies affairs and issues.",Clinical Research Coordinators,2.1,2.25
"Direct technical aspects of newscasts and other productions, checking and switching between video sources and taking responsibility for the on-air product, including camera shots and graphics.",Media Technical Directors/Managers,2.25,2.0
Evaluate new technologies to enhance or complement current research.,Molecular and Cellular Biologists,3.0,2.0
Evaluate data processing proposals to assess project feasibility and requirements.,Computer and Information Systems Managers,3.6,2.0
Expand or modify system to serve new purposes or improve work flow.,Computer Systems Analysts,2.5454545454545454,2.0
"Formulate basic layout design or presentation approach and specify material details, such as style and size of type, photographs, graphics, animation, video, and sound.",Art Directors,2.5,2.0
"Formulate mathematical models or other methods of computer analysis to develop, evaluate, or modify design, according to customer engineering requirements.",Aerospace Engineers,3.0,2.0
"Communicate with or monitor service providers, such as ocean carriers, air freight forwarders, global consolidators, customs brokers, or trucking companies.",Logistics Analysts,2.3333333333333335,2.0
Gather information related to projects' environmental sustainability or operational efficiency.,"Architects, Except Landscape and Naval",3.5,2.0
Establish work procedures or schedules and keep track of the daily work of clerical staff.,"Secretaries and Administrative Assistants, Except Legal, Medical, and Executive",1.6666666666666667,2.0
"Establish and prepare product construction directions and locations and information on required tools, materials, equipment, numbers of workers needed, and cost projections.","Production, Planning, and Expediting Clerks",2.3333333333333335,2.0
Communicate with network personnel or Web site hosting agencies to address hardware or software issues affecting Web sites.,Web Developers,3.2,2.0
"Compose, type, and distribute meeting notes, routine correspondence, or reports, such as presentations or expense, statistical, or monthly reports.","Secretaries and Administrative Assistants, Except Legal, Medical, and Executive",2.3,2.0
"Evaluate findings to develop, design, or test equipment or processes.",Petroleum Engineers,4.0,2.0
"Develop strategies, policies or procedures for introducing, evaluating, or modifying information technology applied to nursing practice, administration, education, or research.",Health Informatics Specialists,2.5,2.0
Devise programs to develop executive potential among employees in lower-level positions.,Training and Development Specialists,2.8,2.0
Complete forms in accordance with company procedures.,"Secretaries and Administrative Assistants, Except Legal, Medical, and Executive",2.5,2.0
"Create core game features, including storylines, role-play mechanics, and character biographies for a new video game or game franchise.",Video Game Designers,2.857142857142857,2.0
Create gameplay prototypes for presentation to creative and technical staff and management.,Video Game Designers,3.1666666666666665,2.0
"Design molds, tools, dies, jigs, or fixtures for use in manufacturing processes.",Mechanical Engineering Technologists and Technicians,3.3333333333333335,2.0
"Design new or modify existing aerospace systems to reduce polluting emissions, such as nitrogen oxide, carbon monoxide, or smoke emissions.",Aerospace Engineers,3.0,2.0
Administer employee benefit plans.,Human Resources Specialists,2.142857142857143,2.0
"Design research projects that apply valid scientific techniques, and use information obtained from baselines or historical data to structure uncompromised and efficient analyses.",Statisticians,2.75,2.0
Develop and manage work breakdown structure (WBS) of information technology projects.,Information Technology Project Managers,2.7,2.0
Develop computational methods for solving problems that occur in areas of science and engineering or that come from applications in business or industry.,Mathematicians,3.4285714285714284,2.0
Develop final construction plans that include aesthetic representations of the structure or details for its construction.,"Architects, Except Landscape and Naval",2.75,2.0
Instruct undergraduate and graduate students within the areas of cellular or molecular biology.,Molecular and Cellular Biologists,2.7142857142857144,2.0
Develop or monitor procedures to ensure adequate quality control of images.,Radiologists,3.6,2.0
"Control, monitor, or operate equipment that regulates or distributes electricity or steam, using data obtained from instruments or computers.",Power Distributors and Dispatchers,3.0,2.0
Control operational budget and expenditures.,Computer and Information Systems Managers,3.7,2.0
Contact organizations to explain services and facilities offered.,Advertising and Promotions Managers,3.1666666666666665,2.0
"Write technical reports or documentation, such as deviation reports, testing protocols, and trend analyses.",Quality Control Analysts,3.75,2.0
Develop strategies to encourage new or increased contributions.,Fundraisers,2.0,2.0
Configure wide area network (WAN) or local area network (LAN) routers or related equipment.,Computer Network Support Specialists,2.0,2.0
Communicate with laboratories or investigators regarding laboratory findings.,Clinical Research Coordinators,3.4,2.0
Collaborate with colleagues to address teaching and research issues.,"Business Teachers, Postsecondary",2.888888888888889,2.0
Integrate engineering elements into unified architectural designs.,"Architects, Except Landscape and Naval",2.8,2.0
"Schedule and confirm patient diagnostic appointments, surgeries, or medical consultations.",Medical Secretaries and Administrative Assistants,2.5714285714285716,2.0
"Assign duties, responsibilities, and spans of authority to project personnel.",Information Technology Project Managers,2.6,2.0
Track product flow from origin to final delivery.,Logistics Analysts,3.0,2.0
"Assemble sets of assumptions, and explore the consequences of each set.",Mathematicians,2.7142857142857144,2.0
"Prepare or edit organizational publications, such as employee newsletters or stockholders' reports, for internal or external audiences.",Public Relations Specialists,3.25,2.0
"Assemble and issue required documentation, such as tickets, travel insurance policies, or itineraries.",Reservation and Transportation Ticket Agents and Travel Clerks,2.6666666666666665,2.0
"Search public records for transactions such as sales, leases, and assessments.",Appraisers and Assessors of Real Estate,3.375,2.0
"Schedule or administer skill, intelligence, psychological, or drug tests for current or prospective employees.",Human Resources Specialists,2.4444444444444446,2.0
"Arrange for typing, duplication, and distribution of material.",Technical Writers,4.0,2.0
Provide feedback to production staff regarding technical game qualities or adherence to original design.,Video Game Designers,2.25,2.0
"Plan, coordinate, and implement network security measures to protect data, software, and hardware.",Network and Computer Systems Administrators,3.7142857142857144,2.0
Analyze data to recommend placement of wells and supplementary processes to enhance production.,Petroleum Engineers,3.0,2.0
"Quote prices, credit terms, or other bid specifications.","Sales Representatives, Wholesale and Manufacturing, Technical and Scientific Products",2.5,2.0
"Recommend transportation system improvements or projects, based on economic, population, land-use, or traffic projections.",Transportation Planners,3.2857142857142856,2.0
Recruit and schedule research participants.,Social Science Research Assistants,2.5,2.0
Requisition and maintain inventories of materials or supplies necessary to meet production demands.,"Production, Planning, and Expediting Clerks",2.9,2.0
"Research current trends and new technology, such as printing production techniques, computer software, and design trends.",Art Directors,3.0,2.0
"Analyze test results in relation to design or rated specifications and test objectives, and modify or adjust equipment to meet specifications.",Mechanical Engineering Technologists and Technicians,3.6,2.0
Review project plans to plan and coordinate project activity.,Computer and Information Systems Managers,3.2,2.0
"Prepare briefs, legal memoranda, or statements of issues involved in cases, including appropriate suggestions or recommendations.",Judicial Law Clerks,2.375,2.0
"Assign and review the work of systems analysts, programmers, and other computer-related workers.",Computer and Information Systems Managers,3.5,2.0
"Specify system components or direct modification of products to ensure conformance with engineering design, performance specifications, or environmental regulations.",Mechanical Engineers,3.25,2.0
"Operate 10-key calculators, typewriters, and copy machines to perform calculations and produce documents.","Bookkeeping, Accounting, and Auditing Clerks",3.0,2.0
Collaborate with promotions directors to produce on-air station promotions.,Media Technical Directors/Managers,2.125,2.0
"Trace lost, delayed, or misdirected baggage for customers.",Reservation and Transportation Ticket Agents and Travel Clerks,1.5,2.0
"Collaborate with colleagues to exchange information, such as selling strategies or marketing information.","Sales Representatives, Wholesale and Manufacturing, Technical and Scientific Products",2.4444444444444446,2.0
"Review project instructions and specifications to identify, modify and plan requirements fabrication, assembly and testing.",Mechanical Engineering Technologists and Technicians,3.0,2.0
"Manage own accounts and projects, working within budget and scheduling requirements.",Art Directors,2.857142857142857,2.0
"Mark up, paste, and complete layouts and write typography instructions to prepare materials for typesetting or printing.",Art Directors,3.6666666666666665,2.0
"Monitor production rates, and plan rework processes to improve production.",Petroleum Engineers,3.6,2.0
"Study the objectives, promotional policies, or needs of organizations to develop public relations strategies that will influence public opinion or promote ideas, products, or services.",Public Relations Specialists,2.0,2.0
Compose and edit scripts or provide screenwriters with story outlines from which scripts can be written.,Producers and Directors,2.5,2.0
"Oversee publication production, including artwork, layout, computer typesetting, and printing, ensuring adherence to deadlines and budget requirements.",Editors,2.3333333333333335,2.0
Participate in quality improvement activities including discussions of areas where risk of error is high.,Radiologists,2.625,2.0
"Perform administrative duties, such as preparing operational reports, distributing rehearsal call sheets and script copies, and arranging for rehearsal quarters.",Producers and Directors,3.8,2.0
Perform risk assessments to develop response strategies.,Information Technology Project Managers,3.0,2.0
"Perform various clerical or administrative functions, such as ordering and maintaining an inventory of supplies.",Medical Secretaries and Administrative Assistants,3.8333333333333335,1.6666666666666667
"Apply theoretical expertise and innovation to create or apply new technology, such as adapting principles for applying computers to new uses.",Computer and Information Research Scientists,3.3333333333333335,1.6666666666666667
"Develop and maintain design level documentation, including mechanics, guidelines, and mission outlines.",Video Game Designers,2.2,1.6666666666666667
Observe pictures through monitors and direct camera and video staff concerning shading and composition.,Media Technical Directors/Managers,2.0,1.6666666666666667
Present final layouts to clients for approval.,Art Directors,2.4285714285714284,1.5
"Schedule subjects for appointments, procedures, or inpatient stays as required by study protocols.",Clinical Research Coordinators,3.1,1.5
Prepare sales presentations or proposals to explain product specifications or applications.,"Sales Representatives, Wholesale and Manufacturing, Technical and Scientific Products",3.2,1.5
"Monitor inventory transactions at warehouse facilities to assess receiving, storage, shipping, or inventory integrity.",Logistics Analysts,3.0,1.5
Perform data backups and disaster recovery operations.,Network and Computer Systems Administrators,3.75,1.5
"Maintain current knowledge of relevant regulations, including proposed and final rules.",Regulatory Affairs Managers,3.7142857142857144,1.5
"Create and manage documentation, production schedules, prototyping goals, and communication plans in collaboration with production staff.",Video Game Designers,3.6666666666666665,1.3333333333333333
